Time, TargetAxialTrunk, SensorPitch, TargetFrontalTrunk, SensorRoll, VelM1, VelM2, VelM3
15.8526,0.0000, -0.0589,0.0000, 0.0237,0.0639, 0.0639, 0.0439
32.8500,0.0000, -0.0589,0.0000, 0.0236,0.3036, 0.0639, 0.0040
52.8599,0.0000, -0.0589,0.0000, 0.0236,1.3223, -0.5752, -0.0959
72.8504,0.0000, -0.0587,0.0000, 0.0238,1.9015, -1.6738, -0.4953
92.8596,0.0000, -0.0561,0.0000, 0.0235,1.6418, -1.7337, -0.0959
112.8601,0.0000, -0.0505,0.0000, 0.0214,1.1824, -1.2743, 0.0240
132.9194,20.0000, -0.0451,-12.0000, 0.0185,0.8828, -0.6751, 0.0439
152.8530,20.0000, -0.0415,-12.0000, 0.0162,0.7630, -0.3356, 0.0439
172.8554,20.0000, -0.0395,-12.0000, 0.0148,0.8429, -0.4554, -0.0160
193.8512,20.0000, -0.0379,-12.0000, 0.0140,0.9028, -0.6551, -0.0160
212.8521,20.0000, -0.0357,-12.0000, 0.0132,0.6831, -0.7350, -0.4554
233.8514,20.0000, -0.0328,-12.0000, 0.0119,0.8828, -0.7750, 0.0040
253.8515,20.0000, -0.0299,-12.0000, 0.0107,0.8029, -0.4953, -0.1358
273.8494,20.0000, -0.0275,-12.0000, 0.0096,0.5832, -0.5153, -0.0160
293.8497,20.0000, -0.0251,-12.0000, 0.0091,0.6032, -0.3955, -0.2756
313.8469,20.0000, -0.0231,-12.0000, 0.0084,0.7430, -0.5752, -0.1158
333.8479,20.0000, -0.0215,-12.0000, 0.0079,0.7430, -0.4554, 0.0040
353.8481,20.0000, -0.0201,-12.0000, 0.0072,0.7830, -0.4155, 0.0439
373.8478,20.0000, -0.0186,-12.0000, 0.0063,0.4834, -0.3555, 0.0439
393.8441,20.0000, -0.0171,-12.0000, 0.0054,0.5233, -0.2157, -0.1158
413.8462,20.0000, -0.0163,-12.0000, 0.0044,0.4434, -0.4155, 0.1838
433.8473,20.0000, -0.0160,-12.0000, 0.0041,0.3435, -0.3555, 0.1238
453.8466,20.0000, -0.0153,-12.0000, 0.0032,0.6631, -0.2157, -0.1558
473.8419,20.0000, -0.0151,-12.0000, 0.0025,0.8429, -0.4554, 0.0240
493.8433,20.0000, -0.0147,-12.0000, 0.0022,0.7630, -0.5353, 0.0439
513.8417,20.0000, -0.0136,-12.0000, 0.0020,0.3236, -0.1358, 0.0639
533.8396,20.0000, -0.0130,-12.0000, 0.0011,0.3435, -0.1957, -0.0959
553.8403,20.0000, -0.0129,-12.0000, 0.0010,0.4234, -0.0360, 0.0040
574.8383,20.0000, -0.0131,-12.0000, 0.0010,0.6631, -0.3955, 0.0040
594.8377,20.0000, -0.0140,-12.0000, 0.0008,0.6032, -0.3156, -0.2557
614.8366,20.0000, -0.0143,-12.0000, 0.0001,0.6032, -0.3156, 0.0639
634.8376,20.0000, -0.0139,-12.0000, -0.0004,0.2237, 0.0240, -0.2557
654.8385,20.0000, -0.0138,-12.0000, -0.0009,0.6232, -0.2756, -0.1558
674.8372,20.0000, -0.0145,-12.0000, -0.0013,0.7031, -0.5153, -0.1957
694.8372,20.0000, -0.0153,-12.0000, -0.0014,0.1838, -0.2357, -0.0559
714.8390,20.0000, -0.0152,-12.0000, -0.0020,0.4834, -0.0160, -0.5353
734.8397,20.0000, -0.0161,-12.0000, -0.0022,0.8029, -0.0959, -0.3156
754.8377,20.0000, -0.0173,-12.0000, -0.0021,0.5633, -0.2557, -0.2357
774.8383,20.0000, -0.0184,-12.0000, -0.0020,0.7830, -0.1758, -0.0759
794.8348,20.0000, -0.0197,-12.0000, -0.0024,0.5033, -0.2756, -0.2157
814.8348,20.0000, -0.0205,-12.0000, -0.0026,0.4234, -0.1158, -0.2557
834.8336,20.0000, -0.0217,-12.0000, -0.0034,0.5832, -0.2956, -0.0559
854.8372,20.0000, -0.0228,-12.0000, -0.0041,0.8429, -0.2756, -0.3955
873.8306,20.0000, -0.0230,-12.0000, -0.0048,0.8629, -0.2956, -0.4554
894.8329,20.0000, -0.0229,-12.0000, -0.0049,0.7230, -0.3755, -0.7550
914.8312,20.0000, -0.0235,-12.0000, -0.0046,0.3036, -0.3356, -0.1957
935.8333,20.0000, -0.0247,-12.0000, -0.0040,0.6631, -0.2756, 0.0040
955.8328,20.0000, -0.0263,-12.0000, -0.0037,0.9028, -0.4155, 0.0040
975.8312,20.0000, -0.0269,-12.0000, -0.0044,0.9827, -0.1358, -0.5353
994.8262,20.0000, -0.0274,-12.0000, -0.0054,1.0426, -0.2357, -0.6951
1015.8287,20.0000, -0.0281,-12.0000, -0.0057,0.7430, -0.5153, -0.5752
1035.8289,20.0000, -0.0283,-12.0000, -0.0047,0.9428, -0.3356, -0.1758
1055.8297,20.0000, -0.0294,-12.0000, -0.0041,1.0626, -0.5353, -0.2956
1075.8281,20.0000, -0.0317,-12.0000, -0.0042,1.1625, -0.3955, -0.1957
1095.8289,20.0000, -0.0337,-12.0000, -0.0043,0.9627, -0.3356, -0.8349
1114.8228,20.0000, -0.0344,-12.0000, -0.0053,0.7430, -0.2557, -0.1758
1135.8268,20.0000, -0.0347,-12.0000, -0.0059,0.8828, -0.4155, -0.2756
1155.8225,20.0000, -0.0359,-12.0000, -0.0059,0.9228, -0.4354, -0.4155
1174.8229,20.0000, -0.0384,-12.0000, -0.0062,1.0626, -0.4155, -0.5353
1195.8209,20.0000, -0.0411,-12.0000, -0.0055,1.4421, -0.6152, -0.5952
1215.8229,20.0000, -0.0433,-12.0000, -0.0043,1.3622, -0.4754, -0.4554
1235.8201,20.0000, -0.0433,-12.0000, -0.0043,0.9228, -0.3955, -0.5553
1255.8198,20.0000, -0.0426,-12.0000, -0.0061,1.0426, -0.5153, -0.5752
1276.8193,20.0000, -0.0441,-12.0000, -0.0068,1.2224, -0.2956, -0.5153
1296.8198,20.0000, -0.0470,-12.0000, -0.0058,1.5619, -0.3955, -0.6751
1316.8180,20.0000, -0.0486,-12.0000, -0.0045,1.7817, -0.5353, -0.4554
1336.8180,20.0000, -0.0487,-12.0000, -0.0035,1.4820, -0.5952, -0.7151
1355.8168,20.0000, -0.0477,-12.0000, -0.0044,1.2024, -0.7550, -0.7950
1376.8148,20.0000, -0.0476,-12.0000, -0.0060,1.2623, -0.5353, -0.9947
1396.8153,20.0000, -0.0497,-12.0000, -0.0062,1.4421, -0.5153, -0.8149
1416.8148,20.0000, -0.0525,-12.0000, -0.0050,1.6219, -0.4754, -0.9547
1435.8146,20.0000, -0.0535,-12.0000, -0.0040,1.4421, -0.6152, -0.9348
1456.8135,20.0000, -0.0530,-12.0000, -0.0040,1.5619, -0.7550, -0.7750
1475.8119,20.0000, -0.0531,-12.0000, -0.0045,1.4820, -0.5952, -0.6951
1496.8116,20.0000, -0.0544,-12.0000, -0.0054,1.4421, -0.5952, -1.0147
1516.8098,20.0000, -0.0552,-12.0000, -0.0053,1.5020, -0.6352, -0.6951
1535.8103,20.0000, -0.0541,-12.0000, -0.0041,1.3023, -0.6551, -0.6152
1556.8096,20.0000, -0.0522,-12.0000, -0.0030,1.8815, -0.9348, -0.9747
1575.8102,20.0000, -0.0525,-12.0000, -0.0028,1.6618, -0.6951, -0.9947
1596.8098,20.0000, -0.0543,-12.0000, -0.0039,1.7217, -0.5553, -0.6751
1615.8082,20.0000, -0.0554,-12.0000, -0.0051,1.9814, -0.3955, -0.7750
1636.8082,20.0000, -0.0545,-12.0000, -0.0053,1.4221, -0.5153, -0.5752
1657.8075,20.0000, -0.0535,-12.0000, -0.0046,1.7217, -0.6352, -0.9947
1676.8064,20.0000, -0.0540,-12.0000, -0.0041,1.8216, -0.6751, -0.9148
1697.8052,20.0000, -0.0531,-12.0000, -0.0046,1.6618, -0.8349, -0.9148
1717.8035,20.0000, -0.0495,-12.0000, -0.0051,1.5819, -0.8149, -0.7151
1737.8071,20.0000, -0.0467,-12.0000, -0.0056,1.3622, -0.2756, -0.6352
1756.8038,20.0000, -0.0470,-12.0000, -0.0059,1.5819, -0.4155, -1.1145
1777.8032,20.0000, -0.0493,-12.0000, -0.0050,1.7417, -0.9148, -0.7350
1797.8020,20.0000, -0.0503,-12.0000, -0.0041,1.9414, -0.6951, -0.7550
1816.8022,20.0000, -0.0490,-12.0000, -0.0052,1.4421, -0.9148, -0.5353
1837.8024,20.0000, -0.0461,-12.0000, -0.0077,1.7217, -0.3156, -0.7750
1856.8030,20.0000, -0.0422,-12.0000, -0.0087,1.8416, -0.2756, -0.9348
1877.8048,20.0000, -0.0374,-12.0000, -0.0066,1.2623, -0.6551, -0.7350
1896.7999,20.0000, -0.0324,-12.0000, -0.0044,1.1425, -0.7750, -0.4155
1917.7998,20.0000, -0.0288,-12.0000, -0.0050,1.1824, -0.5353, -0.5952
1937.8014,20.0000, -0.0266,-12.0000, -0.0082,1.6618, -0.5752, -0.5752
1957.7994,20.0000, -0.0240,-12.0000, -0.0103,1.5619, 0.0839, -0.7550
1976.7982,20.0000, -0.0202,-12.0000, -0.0092,1.1425, -0.3755, -0.8549
1997.7969,20.0000, -0.0173,-12.0000, -0.0064,1.4621, -0.4754, -0.9947
2018.7958,20.0000, -0.0157,-12.0000, -0.0057,1.2623, -0.6352, -0.6551
2038.7952,20.0000, -0.0140,-12.0000, -0.0086,1.3223, -0.1957, -0.7151
2058.7944,20.0000, -0.0112,-12.0000, -0.0126,1.4621, -0.1358, -0.3755
2078.7932,20.0000, -0.0073,-12.0000, -0.0135,0.8229, -0.4354, -0.6152
2098.7935,20.0000, -0.0031,-12.0000, -0.0110,0.7830, -0.0160, -0.5353
2118.7942,20.0000, 0.0005,-12.0000, -0.0084,0.8029, 0.0240, -0.5952
2138.7915,20.0000, 0.0027,-12.0000, -0.0094,1.1425, -0.0160, -0.5952
2158.7910,20.0000, 0.0041,-12.0000, -0.0134,0.7031, -0.2956, -0.5752
2178.7891,20.0000, 0.0053,-12.0000, -0.0165,0.6032, -0.0160, -0.1957
2198.7900,20.0000, 0.0071,-12.0000, -0.0155,0.8828, 0.0439, -0.6152
2217.7886,20.0000, 0.0093,-12.0000, -0.0118,0.5233, 0.0439, -0.7550
2238.7949,20.0000, 0.0117,-12.0000, -0.0096,0.9228, 0.0639, -0.6751
2258.7874,20.0000, 0.0137,-12.0000, -0.0115,0.5433, 0.0439, -0.4354
2278.7866,20.0000, 0.0163,-12.0000, -0.0158,0.5233, 0.0439, -0.2956
2298.7864,20.0000, 0.0195,-12.0000, -0.0181,0.5233, 0.0240, -0.5353
2318.7864,20.0000, 0.0213,-12.0000, -0.0162,0.2437, 0.0439, -0.7151
2338.7874,20.0000, 0.0218,-12.0000, -0.0128,0.3435, 0.0639, -0.3755
2358.7871,20.0000, 0.0218,-12.0000, -0.0118,0.5433, 0.0639, -0.3156
2379.7878,20.0000, 0.0231,-12.0000, -0.0136,0.3635, 0.0639, -0.1358
2399.7874,20.0000, 0.0247,-12.0000, -0.0160,0.1438, 0.0639, -0.2357
2419.7883,20.0000, 0.0239,-12.0000, -0.0173,0.3835, 0.4234, -0.6152
2439.7849,20.0000, 0.0233,-12.0000, -0.0175,0.6631, 0.2437, -0.3955
2459.7854,20.0000, 0.0238,-12.0000, -0.0167,-0.0360, 0.7630, -0.4754
2479.7847,20.0000, 0.0265,-12.0000, -0.0150,0.0639, 0.4634, -0.5752
2499.7830,20.0000, 0.0272,-12.0000, -0.0136,0.0639, 0.3835, -0.3156
2519.7834,20.0000, 0.0257,-12.0000, -0.0144,0.3635, 0.2836, -0.1358
2539.7817,20.0000, 0.0258,-12.0000, -0.0178,1.0626, 0.3036, -0.2756
2559.7827,20.0000, 0.0252,-12.0000, -0.0209,0.2836, 0.2437, -0.6751
2579.7847,20.0000, 0.0271,-12.0000, -0.0213,0.1039, 0.5233, -0.3356
2599.7810,20.0000, 0.0281,-12.0000, -0.0193,0.0639, 0.6232, -0.8549
2619.7815,20.0000, 0.0271,-12.0000, -0.0175,0.0639, 0.3236, -0.3555
2639.7805,20.0000, 0.0273,-12.0000, -0.0175,0.0639, 0.2037, -0.2756
2659.7795,20.0000, 0.0263,-12.0000, -0.0186,0.0439, 0.4035, -0.2956
2679.7795,20.0000, 0.0258,-12.0000, -0.0195,0.0639, 0.3236, -0.2956
2700.7766,20.0000, 0.0257,-12.0000, -0.0199,0.0639, 0.2836, -0.6951
2720.7764,20.0000, 0.0261,-12.0000, -0.0198,0.0639, 0.3835, -0.2956
2740.7759,20.0000, 0.0266,-12.0000, -0.0191,0.0639, 0.4634, -0.3555
2760.7742,20.0000, 0.0265,-12.0000, -0.0181,0.0639, 0.5832, -0.2157
2780.7734,20.0000, 0.0266,-12.0000, -0.0174,0.0639, 0.3835, -0.1758
2800.7734,20.0000, 0.0270,-12.0000, -0.0181,0.0639, 0.5832, -0.5553
2820.7722,20.0000, 0.0273,-12.0000, -0.0194,0.0639, 0.5633, -0.5752
2840.7715,20.0000, 0.0273,-12.0000, -0.0194,0.3036, 0.5633, -0.0959
2860.7717,20.0000, 0.0273,-12.0000, -0.0175,0.5233, 0.7031, -0.4554
2880.7712,20.0000, 0.0277,-12.0000, -0.0152,0.0639, 0.4434, -0.8549
2900.7712,20.0000, 0.0297,-12.0000, -0.0135,0.0839, 0.3435, -0.7151
2920.7712,20.0000, 0.0313,-12.0000, -0.0120,0.0639, 0.4234, -0.3356
2940.7710,20.0000, 0.0313,-12.0000, -0.0120,0.0639, 0.5633, -0.3156
2960.7693,20.0000, 0.0315,-12.0000, -0.0129,0.0439, 0.5233, -0.3356
2980.7690,20.0000, 0.0318,-12.0000, -0.0121,0.0439, 0.5633, -0.2357
3000.7681,20.0000, 0.0322,-12.0000, -0.0106,0.0439, 0.4234, -0.5353
3020.7683,20.0000, 0.0323,-12.0000, -0.0095,0.0439, 0.2437, -0.1558
3041.7656,20.0000, 0.0321,-12.0000, -0.0088,-0.3555, 0.5633, -0.0559
3061.7649,20.0000, 0.0322,-12.0000, -0.0086,-0.2956, 0.9028, 0.0040
3081.7649,20.0000, 0.0318,-12.0000, -0.0086,-0.5353, 0.5233, -0.2756
3101.7625,20.0000, 0.0309,-12.0000, -0.0072,-0.1158, 0.4234, -0.3356
3121.7642,20.0000, 0.0294,-12.0000, -0.0056,-0.3955, 0.5033, -0.4754
3141.7622,20.0000, 0.0282,-12.0000, -0.0046,-0.1957, 0.3435, -0.0959
3161.7625,20.0000, 0.0275,-12.0000, -0.0033,0.0040, 0.4634, 0.1638
3181.7627,20.0000, 0.0265,-12.0000, -0.0029,0.0439, 0.3036, 0.0639
3201.7595,20.0000, 0.0264,-12.0000, -0.0031,0.0639, 0.2637, 0.1838
3221.7585,20.0000, 0.0259,-12.0000, -0.0025,0.0439, 0.3435, 0.1039
3241.7593,20.0000, 0.0255,-12.0000, -0.0018,0.0040, 0.2437, -0.5353
3261.7595,20.0000, 0.0252,-12.0000, -0.0002,-0.2357, 0.2437, -0.3955
3281.7603,20.0000, 0.0250,-12.0000, 0.0013,-0.1158, 0.3835, -0.1558
3301.7549,20.0000, 0.0241,-12.0000, 0.0016,0.1638, 0.5033, -0.2157
3321.7554,20.0000, 0.0230,-12.0000, 0.0017,0.0439, 0.5633, -0.1558
3341.7561,20.0000, 0.0230,-12.0000, 0.0026,0.0639, 0.0439, -0.0160
3361.7561,20.0000, 0.0229,-12.0000, 0.0039,0.0439, 0.1238, 0.0439
3381.7534,20.0000, 0.0229,-12.0000, 0.0048,0.0439, 0.2637, -0.0160
3401.7546,20.0000, 0.0225,-12.0000, 0.0050,0.0040, 0.3435, -0.0160
3422.7683,20.0000, 0.0222,-12.0000, 0.0052,-0.3356, 0.3835, -0.2956
3442.7512,20.0000, 0.0222,-12.0000, 0.0060,-0.1358, 0.1438, 0.0240
3462.7520,20.0000, 0.0212,-12.0000, 0.0065,0.1438, 0.1438, 0.0639
3482.7502,20.0000, 0.0202,-12.0000, 0.0059,0.0439, 0.0240, 0.0639
3502.7490,20.0000, 0.0201,-12.0000, 0.0065,0.0639, -0.0160, 0.0639
3522.7502,20.0000, 0.0201,-12.0000, 0.0073,0.0639, 0.1638, 0.3236
3542.7476,20.0000, 0.0203,-12.0000, 0.0072,0.0639, 0.2037, -0.0559
3562.7490,20.0000, 0.0206,-12.0000, 0.0074,0.0439, 0.3036, 0.0639
3582.7480,20.0000, 0.0207,-12.0000, 0.0073,-0.1558, 0.2437, 0.0040
3602.7495,20.0000, 0.0208,-12.0000, 0.0075,-0.2956, 0.2237, 0.0639
3622.7495,20.0000, 0.0209,-12.0000, 0.0080,0.1039, 0.0639, 0.0639
3642.7500,20.0000, 0.0201,-12.0000, 0.0082,-0.0160, 0.0639, 0.0839
3662.7488,20.0000, 0.0198,-12.0000, 0.0080,-0.2956, 0.0639, 0.3036
3682.7485,20.0000, 0.0202,-12.0000, 0.0081,-0.3156, 0.0639, 0.1638
3702.7478,20.0000, 0.0197,-12.0000, 0.0076,0.0639, 0.0839, 0.3236
3722.7473,20.0000, 0.0188,-12.0000, 0.0071,0.0439, 0.1438, 0.1238
3742.7473,20.0000, 0.0186,-12.0000, 0.0073,0.0639, 0.2437, 0.0240
3763.7476,20.0000, 0.0189,-12.0000, 0.0079,0.0639, 0.1238, 0.0839
3783.7461,20.0000, 0.0189,-12.0000, 0.0085,0.0639, 0.1238, 0.0439
3803.7458,20.0000, 0.0189,-12.0000, 0.0088,0.0439, 0.2037, -0.0160
3823.7466,20.0000, 0.0190,-12.0000, 0.0087,-0.1758, 0.2037, 0.0639
3843.7454,20.0000, 0.0190,-12.0000, 0.0092,-0.3955, 0.0839, 0.0839
3863.7446,20.0000, 0.0188,-12.0000, 0.0098,-0.2756, 0.0639, 0.0639
3883.7422,20.0000, 0.0176,-12.0000, 0.0093,0.0040, 0.0639, 0.1238
3903.7439,20.0000, 0.0163,-12.0000, 0.0090,0.0439, 0.0639, 0.4634
3923.7424,20.0000, 0.0161,-12.0000, 0.0091,0.0639, 0.0639, 0.5633
3943.7422,20.0000, 0.0160,-12.0000, 0.0088,0.0439, 0.0639, 0.3435
3963.7388,20.0000, 0.0159,-12.0000, 0.0086,0.0439, 0.0639, 0.0839
3983.7368,20.0000, 0.0159,-12.0000, 0.0086,-0.0160, 0.0639, 0.0639
4003.7368,20.0000, 0.0157,-12.0000, 0.0086,-0.3955, 0.0639, 0.0439
4023.7349,20.0000, 0.0154,-12.0000, 0.0086,0.0439, 0.0639, 0.0639
4043.7354,20.0000, 0.0140,-12.0000, 0.0079,0.0240, 0.0639, 0.0839
4063.7341,20.0000, 0.0134,-12.0000, 0.0076,0.0439, 0.0839, 0.0040
4083.7346,20.0000, 0.0135,-12.0000, 0.0077,0.0639, -0.0559, 0.1438
4104.7344,20.0000, 0.0133,-12.0000, 0.0076,0.0439, 0.3236, 0.1638
4124.7339,20.0000, 0.0133,-12.0000, 0.0082,0.0439, 0.1238, 0.0040
4144.7354,20.0000, 0.0131,-12.0000, 0.0092,-0.3755, 0.0639, 0.1438
4164.7329,20.0000, 0.0131,-12.0000, 0.0095,-0.3356, 0.0639, 0.1838
4184.7295,20.0000, 0.0125,-12.0000, 0.0091,0.1039, 0.0639, 0.2437
4204.7295,20.0000, 0.0113,-12.0000, 0.0084,0.0439, 0.0439, 0.0839
4224.7285,20.0000, 0.0111,-12.0000, 0.0084,0.2037, -0.1158, 0.1039
4244.7290,20.0000, 0.0112,-12.0000, 0.0086,0.0639, -0.0160, 0.0639
4264.7275,20.0000, 0.0113,-12.0000, 0.0083,0.0639, -0.1957, 0.1238
4284.7280,20.0000, 0.0114,-12.0000, 0.0080,0.0639, -0.0360, 0.0439
4304.7295,20.0000, 0.0115,-12.0000, 0.0075,0.0639, -0.0959, 0.0639
4324.7246,20.0000, 0.0117,-12.0000, 0.0070,0.0639, 0.0040, 0.0639
4344.7314,20.0000, 0.0119,-12.0000, 0.0066,0.0639, 0.0439, 0.1238
4364.7246,20.0000, 0.0121,-12.0000, 0.0065,0.0439, 0.0639, 0.4234
4384.7271,20.0000, 0.0122,-12.0000, 0.0066,0.0439, 0.0639, 0.2237
4404.7217,20.0000, 0.0122,-12.0000, 0.0066,-0.2357, 0.0639, 0.1238
4424.7393,20.0000, 0.0122,-12.0000, 0.0065,-0.5752, 0.0639, 0.1638
4445.7212,20.0000, 0.0120,-12.0000, 0.0063,-0.0360, 0.0639, 0.1238
4465.7212,20.0000, 0.0109,-12.0000, 0.0056,0.0240, 0.0639, 0.2437
4485.7202,20.0000, 0.0103,-12.0000, 0.0052,0.0439, 0.0639, 0.0839
4505.7188,20.0000, 0.0106,-12.0000, 0.0055,0.0639, 0.0639, 0.0639
4525.7192,20.0000, 0.0104,-12.0000, 0.0054,0.0639, 0.0639, 0.0240
4545.7178,20.0000, 0.0105,-12.0000, 0.0054,0.0639, 0.0639, 0.0439
4565.7178,20.0000, 0.0104,-12.0000, 0.0054,0.0439, 0.0639, 0.2637
4585.7192,20.0000, 0.0103,-12.0000, 0.0053,0.0040, 0.0639, 0.1638
4605.7163,20.0000, 0.0103,-12.0000, 0.0054,-0.4754, 0.0839, 0.1238
4625.7168,20.0000, 0.0102,-12.0000, 0.0054,-0.2357, 0.1238, 0.1238
4645.7178,20.0000, 0.0091,-12.0000, 0.0051,0.0639, 0.1238, 0.3435
4665.7163,20.0000, 0.0081,-12.0000, 0.0052,0.0439, 0.0839, 0.2836
4685.7153,20.0000, 0.0079,-12.0000, 0.0055,0.0439, 0.0639, 0.1039
4705.7124,20.0000, 0.0078,-12.0000, 0.0053,0.0639, 0.0639, 0.0639
4725.7134,20.0000, 0.0081,-12.0000, 0.0055,0.0639, 0.0639, -0.0160
4745.7114,20.0000, 0.0080,-12.0000, 0.0056,0.0639, 0.0639, 0.2237
4765.7124,20.0000, 0.0079,-12.0000, 0.0055,0.0639, 0.0639, 0.0839
4785.7119,20.0000, 0.0078,-12.0000, 0.0056,0.0639, 0.0639, 0.3635
4805.7129,20.0000, 0.0077,-12.0000, 0.0054,0.0639, 0.0240, 0.1039
4826.7095,20.0000, 0.0078,-12.0000, 0.0053,0.0639, -0.0360, 0.3635
4846.7134,20.0000, 0.0077,-12.0000, 0.0051,0.0639, -0.1957, 0.0839
4866.7095,20.0000, 0.0076,-12.0000, 0.0048,0.0439, -0.0959, 0.1039
4886.7095,20.0000, 0.0076,-12.0000, 0.0047,0.0040, -0.0160, 0.0639
4906.7100,20.0000, 0.0076,-12.0000, 0.0038,-0.2557, 0.0439, 0.0240
4926.7100,20.0000, 0.0075,-12.0000, 0.0036,-0.3955, 0.0639, 0.1838
4946.7090,20.0000, 0.0072,-12.0000, 0.0037,0.0839, 0.0639, 0.0639
4966.7070,20.0000, 0.0060,-12.0000, 0.0028,0.0439, 0.0639, 0.2237
4986.7070,20.0000, 0.0057,-12.0000, 0.0028,0.0639, 0.0639, 0.0839
5006.7051,20.0000, 0.0060,-12.0000, 0.0030,0.0639, 0.0639, -0.0160
5026.7056,20.0000, 0.0057,-12.0000, 0.0028,0.0639, 0.0639, 0.0839
5046.7041,20.0000, 0.0060,-12.0000, 0.0029,0.0639, 0.0639, 0.3635
5066.7065,20.0000, 0.0059,-12.0000, 0.0028,0.0639, 0.0639, -0.0559
5086.7041,20.0000, 0.0061,-12.0000, 0.0027,0.0639, 0.0639, 0.0639
5106.7021,20.0000, 0.0063,-12.0000, 0.0029,0.0439, 0.0639, 0.0439
5126.7046,20.0000, 0.0062,-12.0000, 0.0029,0.0439, 0.3236, 0.0439
5146.7207,20.0000, 0.0062,12.0000, 0.0031,0.0639, 0.1838, 0.0639
5167.7129,20.0000, 0.0061,12.0000, 0.0032,0.0639, -0.0559, 0.0639
5185.7007,20.0000, 0.0061,12.0000, 0.0036,0.0639, 0.0639, 0.0639
5207.7021,20.0000, 0.0060,12.0000, 0.0037,0.0639, 0.0639, 0.3036
5227.7007,20.0000, 0.0055,12.0000, 0.0035,0.0639, 0.0639, 0.1638
5247.6992,20.0000, 0.0052,12.0000, 0.0036,0.0639, 0.0639, -0.0559
5267.7012,20.0000, 0.0052,12.0000, 0.0035,0.0639, 0.0639, 0.1438
5287.6982,20.0000, 0.0053,12.0000, 0.0035,0.0639, 0.0639, -0.0959
5307.6982,20.0000, 0.0053,12.0000, 0.0035,0.0439, 0.0639, 0.0439
5327.6968,20.0000, 0.0054,12.0000, 0.0035,0.0439, 0.0439, 0.1438
5347.6968,20.0000, 0.0056,12.0000, 0.0036,-0.2157, 0.0439, 0.2037
5367.7090,20.0000, 0.0061,12.0000, 0.0036,-0.0360, -0.0160, 0.1438
5387.6938,20.0000, 0.0064,12.0000, 0.0037,-0.0759, -0.1957, 0.0639
5407.6943,20.0000, 0.0061,12.0000, 0.0034,0.0439, -0.0160, -0.0559
5428.7070,20.0000, 0.0063,12.0000, 0.0026,0.0639, 0.0439, 0.0639
5446.6909,20.0000, 0.0070,12.0000, 0.0023,0.0439, 0.0639, 0.3236
5467.6929,20.0000, 0.0079,12.0000, 0.0026,0.0439, 0.0639, 0.5433
5487.6943,20.0000, 0.0086,12.0000, 0.0026,0.0439, 0.0639, 0.1039
5507.6934,20.0000, 0.0090,12.0000, 0.0027,0.0240, 0.0639, 0.0639
5528.6914,20.0000, 0.0097,12.0000, 0.0027,-0.5353, 0.0639, 0.0240
5548.7065,20.0000, 0.0108,12.0000, 0.0029,-0.2557, 0.0639, 0.0639
5568.6875,20.0000, 0.0112,12.0000, 0.0028,-0.0160, 0.0639, 0.0839
5588.6885,20.0000, 0.0111,12.0000, 0.0023,-0.1957, 0.0639, -0.0759
5608.6875,20.0000, 0.0125,12.0000, 0.0025,-0.0160, 0.0639, 0.2637
5628.6880,20.0000, 0.0138,12.0000, 0.0026,-0.1358, 0.1638, 0.1238
5648.6851,20.0000, 0.0148,12.0000, 0.0025,-0.2157, 0.2637, 0.2037
5668.6865,20.0000, 0.0161,12.0000, 0.0030,-0.3755, 0.2237, 0.1638
5688.6855,20.0000, 0.0174,12.0000, 0.0035,-0.1957, 0.1438, 0.0839
5708.6865,20.0000, 0.0193,12.0000, 0.0040,-0.0160, -0.0360, 0.6432
5728.6846,20.0000, 0.0205,12.0000, 0.0040,-0.5353, 0.2437, 0.3835
5748.6826,20.0000, 0.0220,12.0000, 0.0041,-0.4754, 0.2637, 0.2637
5768.6826,20.0000, 0.0229,12.0000, 0.0046,-0.1558, 0.2637, 0.1438
5788.6831,20.0000, 0.0234,12.0000, 0.0044,-0.3356, 0.2237, 0.0240
5808.6816,20.0000, 0.0251,12.0000, 0.0050,-0.3356, 0.0639, 0.4234
5828.6816,20.0000, 0.0262,12.0000, 0.0055,-0.5553, 0.3036, 0.5233
5848.6807,20.0000, 0.0272,12.0000, 0.0054,-0.2557, 0.1238, 0.3635
5868.6812,20.0000, 0.0286,12.0000, 0.0054,-0.4953, -0.0360, 0.4834
5889.6797,20.0000, 0.0304,12.0000, 0.0052,-0.6551, 0.2836, 0.3635
5909.6787,20.0000, 0.0327,12.0000, 0.0054,-0.7550, 0.2437, 0.2836
5929.6777,20.0000, 0.0339,12.0000, 0.0055,-0.5952, 0.4035, 0.3236
5949.6772,20.0000, 0.0346,12.0000, 0.0055,-0.6352, 0.4634, 0.3835
5969.6768,20.0000, 0.0352,12.0000, 0.0059,-0.2557, 0.1438, 0.6032
5989.6748,20.0000, 0.0357,12.0000, 0.0063,-0.6751, 0.3835, 0.6432
6009.6763,20.0000, 0.0383,12.0000, 0.0065,-0.6751, 0.4634, 0.4434
6029.6768,20.0000, 0.0410,12.0000, 0.0071,-0.8948, 0.5033, 0.6631
6049.6738,20.0000, 0.0420,12.0000, 0.0075,-1.1345, 0.2637, 0.3635
6069.6733,20.0000, 0.0418,12.0000, 0.0076,-0.7750, 0.1638, 0.7230
6089.6733,20.0000, 0.0413,12.0000, 0.0075,-0.5153, 0.5433, 0.5433
6109.6719,20.0000, 0.0422,12.0000, 0.0070,-0.8349, 0.7830, 0.5433
6129.6729,20.0000, 0.0449,12.0000, 0.0078,-0.7950, 0.4035, 0.7830
6148.6807,20.0000, 0.0476,12.0000, 0.0097,-0.9148, 0.0240, 0.8029
6169.6729,20.0000, 0.0488,12.0000, 0.0099,-0.9547, 0.3236, 0.7830
6189.6733,20.0000, 0.0498,12.0000, 0.0091,-1.0746, 0.6631, 0.6232
6208.6748,20.0000, 0.0502,12.0000, 0.0084,-1.1345, 0.8828, 0.6432
6229.6729,20.0000, 0.0504,12.0000, 0.0089,-0.5952, 0.2237, 0.7430
6250.6694,20.0000, 0.0519,12.0000, 0.0104,-1.2144, 0.4035, 0.8029
6270.6689,20.0000, 0.0553,12.0000, 0.0110,-1.3942, 0.3236, 0.8629
6289.6689,20.0000, 0.0571,12.0000, 0.0112,-1.0147, 0.3835, 1.0227
6310.6689,20.0000, 0.0559,12.0000, 0.0103,-1.3143, 0.3835, 0.9627
6329.6694,20.0000, 0.0550,12.0000, 0.0099,-1.3342, 0.7830, 0.9827
6350.6704,20.0000, 0.0558,12.0000, 0.0107,-1.1745, 0.5832, 0.8229
6369.6675,20.0000, 0.0579,12.0000, 0.0118,-1.0147, 0.4234, 0.8828
6390.6660,20.0000, 0.0606,12.0000, 0.0131,-1.1944, 0.2637, 0.8229
6409.6904,20.0000, 0.0618,12.0000, 0.0134,-1.5140, 0.4834, 1.2623
6430.6699,20.0000, 0.0605,12.0000, 0.0128,-1.2743, 0.8029, 0.8429
6449.6621,20.0000, 0.0590,12.0000, 0.0124,-1.2543, 0.7230, 1.2424
6470.6650,20.0000, 0.0601,12.0000, 0.0130,-1.5739, 0.3635, 1.3023
6489.6597,20.0000, 0.0638,12.0000, 0.0142,-1.5340, 0.6232, 1.1625
6510.6636,20.0000, 0.0656,12.0000, 0.0138,-1.4741, 0.4834, 0.9428
6531.6768,20.0000, 0.0634,12.0000, 0.0128,-1.4141, 0.4834, 1.0426
6550.6616,20.0000, 0.0613,12.0000, 0.0122,-1.4341, 0.7430, 1.0826
6571.6641,20.0000, 0.0617,12.0000, 0.0117,-1.2743, 0.7630, 1.6818
6590.6606,20.0000, 0.0641,12.0000, 0.0122,-1.6938, 0.4434, 1.2024
6611.6616,20.0000, 0.0664,12.0000, 0.0135,-1.4541, 0.4434, 1.0227
6630.6553,20.0000, 0.0657,12.0000, 0.0140,-1.5140, 0.3036, 0.8229
6651.6592,20.0000, 0.0625,12.0000, 0.0127,-1.3342, 0.6032, 1.0426
6670.6553,20.0000, 0.0604,12.0000, 0.0121,-1.5140, 0.8429, 1.2024
6691.6567,20.0000, 0.0620,12.0000, 0.0129,-1.5739, 0.5233, 0.9228
6710.6538,20.0000, 0.0646,12.0000, 0.0144,-1.8536, 0.4434, 1.5220
6731.6538,20.0000, 0.0642,12.0000, 0.0143,-1.5140, 0.3036, 1.0826
6750.6543,20.0000, 0.0606,12.0000, 0.0125,-1.5540, 0.8029, 1.3822
6771.6538,20.0000, 0.0580,12.0000, 0.0113,-1.6338, 0.6831, 1.0626
6790.6504,20.0000, 0.0589,12.0000, 0.0119,-1.8735, 0.7430, 1.2823
6811.6514,20.0000, 0.0611,12.0000, 0.0132,-1.6139, 0.5832, 1.3822
6830.6504,20.0000, 0.0614,12.0000, 0.0136,-1.5540, 0.5233, 0.9428
6851.6514,20.0000, 0.0594,12.0000, 0.0133,-1.5340, 0.7830, 1.0826
6870.6504,20.0000, 0.0574,12.0000, 0.0132,-1.4940, 0.5433, 1.1625
6891.6499,20.0000, 0.0559,12.0000, 0.0134,-1.7337, 0.5233, 1.2224
6910.6489,20.0000, 0.0567,12.0000, 0.0136,-1.6139, 0.6032, 1.3422
6931.6494,20.0000, 0.0578,12.0000, 0.0136,-1.5939, 0.5832, 1.4820
6950.6465,20.0000, 0.0564,12.0000, 0.0130,-1.4541, 0.8029, 1.3422
6972.6475,20.0000, 0.0539,12.0000, 0.0126,-1.5340, 0.5633, 1.0426
6991.6479,20.0000, 0.0519,12.0000, 0.0124,-1.5939, 0.1838, 1.0227
7012.6455,20.0000, 0.0521,12.0000, 0.0129,-1.3342, 0.5433, 1.1625
7031.6440,20.0000, 0.0541,12.0000, 0.0126,-1.5540, 0.5433, 1.3422
7052.6445,20.0000, 0.0553,12.0000, 0.0118,-1.8536, 0.6232, 1.1824
7072.6450,20.0000, 0.0536,12.0000, 0.0113,-1.8336, 0.6432, 0.9827
7091.6436,20.0000, 0.0504,12.0000, 0.0104,-1.8735, 0.9028, 0.9827
7112.6421,20.0000, 0.0481,12.0000, 0.0100,-1.6139, 0.6631, 0.9627
7131.6431,20.0000, 0.0480,12.0000, 0.0099,-1.5140, 0.4834, 1.4221
7152.6416,20.0000, 0.0504,12.0000, 0.0099,-1.6938, 0.3635, 1.4421
7171.6406,20.0000, 0.0508,12.0000, 0.0091,-1.5340, 0.7230, 1.2623
7192.6411,20.0000, 0.0474,12.0000, 0.0076,-1.4341, 0.9428, 0.8429
7211.6406,20.0000, 0.0444,12.0000, 0.0069,-1.6338, 0.7031, 1.3422
7232.6406,20.0000, 0.0440,12.0000, 0.0077,-1.4741, 0.4434, 1.2024
7251.6387,20.0000, 0.0456,12.0000, 0.0079,-1.4940, 0.4834, 1.0626
7272.6372,20.0000, 0.0466,12.0000, 0.0071,-1.5340, 0.8629, 1.2623
7292.6362,20.0000, 0.0451,12.0000, 0.0063,-1.6538, 0.2637, 1.1425
7311.6377,20.0000, 0.0425,12.0000, 0.0056,-1.3742, 0.4234, 0.8029
7333.6357,20.0000, 0.0414,12.0000, 0.0049,-1.6938, 0.9028, 0.9028
7352.6396,20.0000, 0.0442,12.0000, 0.0041,-1.4341, 0.6432, 0.9627
7373.6343,20.0000, 0.0477,12.0000, 0.0042,-1.5140, 0.8828, 1.1425
7392.6333,20.0000, 0.0469,12.0000, 0.0038,-1.4141, 0.9428, 1.1425
7413.6362,20.0000, 0.0436,12.0000, 0.0035,-1.7337, 0.7230, 1.2424
7432.6313,20.0000, 0.0420,12.0000, 0.0037,-1.6538, 0.2037, 0.8828
7453.6309,20.0000, 0.0421,12.0000, 0.0035,-1.7737, 0.5233, 1.0027
7472.6328,20.0000, 0.0437,12.0000, 0.0031,-1.7137, 0.6032, 0.9228
7493.6333,20.0000, 0.0453,12.0000, 0.0024,-1.6139, 0.6232, 1.1225
7512.6328,20.0000, 0.0447,12.0000, 0.0019,-1.6338, 0.9827, 1.0626
7533.6318,20.0000, 0.0435,12.0000, 0.0014,-2.1132, 0.3635, 0.9627
7552.6313,20.0000, 0.0438,12.0000, 0.0015,-1.6738, 0.6432, 1.3622
7573.6323,20.0000, 0.0448,12.0000, 0.0011,-1.3942, 1.2424, 0.9827
7592.6309,20.0000, 0.0451,12.0000, 0.0001,-1.5140, 1.2623, 1.2024
7613.6299,20.0000, 0.0436,12.0000, 0.0006,-1.6538, 1.0626, 1.0626
7632.6289,20.0000, 0.0408,12.0000, 0.0016,-1.6538, 0.3036, 0.8828
7653.6279,20.0000, 0.0377,12.0000, 0.0023,-1.5939, 0.3835, 1.1824
7672.6284,20.0000, 0.0370,12.0000, 0.0023,-1.6139, 0.8828, 1.0826
7693.6250,20.0000, 0.0382,12.0000, 0.0014,-1.5939, 0.9028, 1.1625
7712.6250,20.0000, 0.0373,12.0000, 0.0011,-1.6338, 0.9228, 0.9028
7734.6235,20.0000, 0.0349,12.0000, 0.0017,-1.3742, 0.5033, 1.0227
7753.6240,20.0000, 0.0340,12.0000, 0.0021,-1.5739, 0.4035, 1.2024
7774.6255,20.0000, 0.0342,12.0000, 0.0023,-1.6738, 0.8429, 1.0227
7793.6245,20.0000, 0.0330,12.0000, 0.0015,-1.4741, 0.9827, 1.1025
7814.6226,20.0000, 0.0299,12.0000, 0.0009,-1.4741, 1.1225, 1.0027
7833.6230,20.0000, 0.0265,12.0000, 0.0008,-1.3942, 0.9627, 1.0426
7854.6211,20.0000, 0.0233,12.0000, 0.0009,-1.6738, 0.3635, 0.9228
7873.6206,20.0000, 0.0204,12.0000, 0.0015,-1.4541, 0.2237, 1.0826
7894.6211,20.0000, 0.0197,12.0000, 0.0013,-1.4141, 0.8629, 0.9028
7913.6216,20.0000, 0.0202,12.0000, 0.0007,-1.5140, 1.0426, 0.6831
7934.6250,20.0000, 0.0194,12.0000, 0.0008,-1.3742, 0.4234, 0.7830
7953.6167,20.0000, 0.0168,12.0000, 0.0017,-1.2743, 0.1039, 1.1025
7974.6172,20.0000, 0.0147,12.0000, 0.0017,-1.1145, 0.0639, 0.9228
7993.6191,20.0000, 0.0141,12.0000, -0.0002,-1.3342, 0.6831, 1.3023
8014.6143,20.0000, 0.0140,12.0000, -0.0016,-1.3542, 1.2823, 1.2823
8033.6138,20.0000, 0.0122,12.0000, -0.0022,-1.3742, 1.4421, 0.8229
8054.6147,20.0000, 0.0077,12.0000, -0.0021,-1.0346, 1.5020, 0.2037
8075.6147,20.0000, 0.0030,12.0000, -0.0004,-1.0147, 0.0639, 0.6432
8094.6123,20.0000, 0.0007,12.0000, 0.0015,-1.0946, 0.0839, 0.7830
8115.6133,20.0000, 0.0009,12.0000, 0.0017,-1.0346, 0.0639, 1.0826
8134.6118,20.0000, 0.0016,12.0000, 0.0003,-1.0746, 0.0639, 0.9627
8155.6133,20.0000, 0.0012,12.0000, -0.0008,-1.2743, 0.0639, 0.2836
8175.6118,20.0000, 0.0011,12.0000, -0.0025,-0.9547, 0.0639, 0.5233
8194.6104,20.0000, 0.0019,12.0000, -0.0031,-1.0946, 0.4234, 0.6432
8215.6094,20.0000, 0.0026,12.0000, -0.0037,-0.9547, 1.5420, 0.6631
8234.6064,20.0000, 0.0021,12.0000, -0.0051,-1.2943, 1.3422, 0.6232
8255.6084,20.0000, -0.0005,12.0000, -0.0043,-1.0946, 0.0639, 1.0227
8274.6074,20.0000, -0.0043,12.0000, -0.0026,-0.8149, 0.0839, 0.7031
8295.6064,20.0000, -0.0060,12.0000, -0.0034,-0.7350, 0.0639, 0.4434
8315.6084,20.0000, -0.0050,12.0000, -0.0046,-0.7350, 0.2836, 0.2437
8335.6064,20.0000, -0.0046,12.0000, -0.0050,-1.0546, 1.3622, 0.0040
8355.6045,20.0000, -0.0043,12.0000, -0.0055,-1.0147, 0.6232, 1.5420
8375.6055,20.0000, -0.0069,12.0000, -0.0031,-0.6951, 0.0240, 1.1625
8394.6035,20.0000, -0.0134,12.0000, -0.0029,-0.6152, 0.0639, 0.4634
8415.6045,20.0000, -0.0165,12.0000, -0.0050,-0.8349, 0.0639, 0.1039
8436.6025,20.0000, -0.0167,12.0000, -0.0052,-0.8748, 0.2836, 0.1039
8456.6025,20.0000, -0.0175,12.0000, -0.0056,-0.6551, 0.9428, 0.9428
8475.6025,20.0000, -0.0173,12.0000, -0.0057,-0.3356, 0.3435, 1.0626
8496.6035,20.0000, -0.0194,12.0000, -0.0054,-0.3955, 0.7430, 0.3435
8516.5996,20.0000, -0.0234,12.0000, -0.0062,-0.4554, 0.2037, -0.0559
8536.5996,20.0000, -0.0256,12.0000, -0.0060,-0.4354, 0.1238, 0.1039
8556.6006,20.0000, -0.0275,12.0000, -0.0053,-0.5952, 0.2237, 0.1238
8576.6016,20.0000, -0.0282,12.0000, -0.0057,-0.4354, 0.4634, 0.4234
8595.6025,20.0000, -0.0292,12.0000, -0.0053,-0.3156, 0.8828, 0.5033
8616.5986,20.0000, -0.0318,12.0000, -0.0052,-0.3755, -0.0160, 0.2237
8636.5996,20.0000, -0.0353,12.0000, -0.0045,-0.2557, 0.0639, 0.1438
8656.6045,20.0000, -0.0377,12.0000, -0.0044,-0.1358, 0.0639, -0.0959
8676.5967,20.0000, -0.0368,12.0000, -0.0048,-0.1957, 0.0639, 0.0639
8696.5977,20.0000, -0.0364,12.0000, -0.0049,-0.0959, 0.0639, 0.2437
8716.5967,20.0000, -0.0373,12.0000, -0.0053,-0.0360, 0.0639, 0.4834
8736.5967,20.0000, -0.0374,12.0000, -0.0054,-0.2157, 0.0639, 0.1638
8756.5977,20.0000, -0.0384,12.0000, -0.0058,-0.3555, 0.0639, 0.0839
8777.5918,20.0000, -0.0389,12.0000, -0.0056,-0.1158, 0.0639, -0.0759
8797.5918,20.0000, -0.0384,12.0000, -0.0055,-0.1358, 0.0639, 0.1438
8817.5938,20.0000, -0.0387,12.0000, -0.0056,-0.0160, 0.0639, 0.6831
8837.5928,20.0000, -0.0386,12.0000, -0.0056,0.2037, 0.0839, 0.1039
8857.5889,20.0000, -0.0393,12.0000, -0.0068,0.0639, 0.2237, 0.0639
8877.5908,20.0000, -0.0401,12.0000, -0.0073,0.0240, 0.1438, 0.0639
8897.5908,20.0000, -0.0400,12.0000, -0.0068,0.0240, 0.3236, 0.0639
8917.5918,20.0000, -0.0408,12.0000, -0.0067,-0.0959, 0.4634, 0.0439
8937.5928,20.0000, -0.0409,12.0000, -0.0064,0.0439, 0.1039, 0.0639
8957.5898,20.0000, -0.0414,12.0000, -0.0060,0.0439, 0.0639, 0.0639
8977.5889,20.0000, -0.0424,12.0000, -0.0059,0.0639, 0.0639, 0.0639
8997.5889,20.0000, -0.0421,12.0000, -0.0060,0.0639, 0.0639, 0.0639
9017.5898,20.0000, -0.0423,12.0000, -0.0059,0.3435, 0.0639, 0.0639
9037.5898,20.0000, -0.0426,12.0000, -0.0058,0.2237, 0.0639, 0.0439
9057.5879,20.0000, -0.0425,12.0000, -0.0057,0.2237, 0.0639, 0.0439
9077.5879,20.0000, -0.0430,12.0000, -0.0056,0.0839, 0.0639, -0.0160
9097.5879,20.0000, -0.0431,12.0000, -0.0056,0.1238, 0.0639, -0.2157
9118.5859,20.0000, -0.0429,12.0000, -0.0055,0.1638, 0.0639, -0.3156
9138.5850,20.0000, -0.0428,12.0000, -0.0054,0.3835, 0.0439, -0.2557
9158.5889,20.0000, -0.0422,12.0000, -0.0050,0.4035, 0.0439, -0.1158
9178.5830,20.0000, -0.0417,12.0000, -0.0045,0.1438, 0.0439, -0.0360
9198.5820,20.0000, -0.0410,12.0000, -0.0039,0.4234, -0.0959, 0.2037
9218.5850,20.0000, -0.0406,12.0000, -0.0038,0.2037, -0.4953, 0.0639
9238.5801,20.0000, -0.0405,12.0000, -0.0039,0.0040, -0.1957, 0.0639
9258.5811,20.0000, -0.0392,12.0000, -0.0047,0.1238, 0.0639, 0.0439
9278.5801,20.0000, -0.0379,12.0000, -0.0054,0.3835, 0.0240, -0.2557
9298.5771,20.0000, -0.0378,12.0000, -0.0056,0.3236, 0.0439, -0.0959
9318.5771,20.0000, -0.0374,12.0000, -0.0056,0.0040, 0.0040, -0.3955
9338.5762,20.0000, -0.0369,12.0000, -0.0055,0.1838, 0.0040, -0.0160
9358.5742,20.0000, -0.0365,12.0000, -0.0054,0.1838, 0.0040, -0.0360
9378.5742,20.0000, -0.0358,12.0000, -0.0053,0.2836, 0.0639, -0.0360
9398.5723,20.0000, -0.0358,12.0000, -0.0054,0.0839, 0.0439, -0.0160
9418.5713,20.0000, -0.0354,12.0000, -0.0052,0.1638, 0.0639, 0.1039
9438.5723,20.0000, -0.0349,12.0000, -0.0052,0.0439, 0.0439, -0.2756
9458.5693,20.0000, -0.0352,12.0000, -0.0052,0.3036, -0.0160, -0.0160
9479.5703,20.0000, -0.0346,12.0000, -0.0049,0.0839, -0.0160, -0.0160
9499.5693,20.0000, -0.0342,12.0000, -0.0049,0.4434, -0.0959, -0.0360
9519.5713,20.0000, -0.0343,12.0000, -0.0052,0.3635, -0.0360, -0.0160
9539.5713,20.0000, -0.0336,12.0000, -0.0052,0.1238, -0.0360, -0.3356
9559.5713,20.0000, -0.0335,12.0000, -0.0052,0.3236, -0.0959, -0.2557
9579.5713,20.0000, -0.0330,12.0000, -0.0047,0.1838, 0.0439, 0.0040
9599.5684,20.0000, -0.0314,12.0000, -0.0044,0.3036, 0.0439, 0.0439
9619.5684,20.0000, -0.0312,12.0000, -0.0043,0.2637, 0.0439, 0.0439
9639.5693,20.0000, -0.0316,12.0000, -0.0041,0.0240, 0.0240, 0.0439
9659.5684,20.0000, -0.0313,12.0000, -0.0041,0.3036, -0.1957, 0.0439
9679.5693,20.0000, -0.0314,12.0000, -0.0040,0.2637, -0.0559, -0.0959
9699.5674,20.0000, -0.0310,12.0000, -0.0042,0.3036, -0.0160, -0.1558
9719.5664,20.0000, -0.0301,12.0000, -0.0042,0.3635, -0.1358, -0.2756
9739.5654,20.0000, -0.0294,12.0000, -0.0038,0.3835, 0.0439, 0.1438
9759.5664,20.0000, -0.0285,12.0000, -0.0039,0.3635, 0.0439, -0.2756
9779.5615,20.0000, -0.0278,12.0000, -0.0042,0.0839, 0.0439, -0.0559
9799.5605,20.0000, -0.0278,12.0000, -0.0038,0.1638, 0.0639, -0.0160
9819.5605,20.0000, -0.0274,12.0000, -0.0036,0.2037, 0.0240, -0.4554
9840.5596,20.0000, -0.0274,12.0000, -0.0035,0.3036, 0.0040, -0.1358
9860.5605,20.0000, -0.0270,12.0000, -0.0031,0.0839, -0.0160, 0.1039
9880.5586,20.0000, -0.0262,12.0000, -0.0031,0.1438, -0.2756, 0.0439
9900.5586,20.0000, -0.0258,12.0000, -0.0032,0.1438, 0.0839, 0.0439
9920.5596,20.0000, -0.0249,12.0000, -0.0038,0.5033, 0.0439, 0.0439
9940.5576,20.0000, -0.0242,12.0000, -0.0041,0.1638, 0.0639, 0.0240
9960.5576,20.0000, -0.0245,12.0000, -0.0039,0.2836, 0.0639, -0.4155
9980.5576,20.0000, -0.0243,12.0000, -0.0039,0.3835, 0.0639, -0.0160
10000.5576,20.0000, -0.0238,12.0000, -0.0036,0.2237, 0.0439, -0.1158
10020.5547,20.0000, -0.0236,12.0000, -0.0032,0.2037, 0.0439, -0.1957
10040.5518,20.0000, -0.0230,12.0000, -0.0028,0.2437, 0.0439, -0.0559
10060.5527,20.0000, -0.0228,12.0000, -0.0025,0.0839, -0.1957, -0.2157
10080.5547,20.0000, -0.0226,12.0000, -0.0022,0.3835, -0.1158, 0.0439
10100.5527,20.0000, -0.0220,12.0000, -0.0024,-0.0360, -0.2756, -0.0360
10120.5518,20.0000, -0.0214,12.0000, -0.0027,0.2037, 0.0839, 0.1638
10140.5518,-20.0000, -0.0204,-12.0000, -0.0030,0.1238, 0.2037, -0.2357
10161.5566,-20.0000, -0.0197,-12.0000, -0.0032,0.2037, 0.0639, 0.0040
10180.5518,-20.0000, -0.0196,-12.0000, -0.0028,0.1238, 0.0639, -0.0160
10201.5508,-20.0000, -0.0194,-12.0000, -0.0028,0.1838, 0.0639, 0.0439
10221.5488,-20.0000, -0.0189,-12.0000, -0.0026,0.1838, 0.0639, 0.0639
10241.5488,-20.0000, -0.0187,-12.0000, -0.0025,0.1638, 0.0639, 0.0639
10261.5479,-20.0000, -0.0187,-12.0000, -0.0024,0.1838, 0.0439, 0.0439
10281.5479,-20.0000, -0.0187,-12.0000, -0.0023,0.4035, 0.0639, 0.0439
10301.5479,-20.0000, -0.0189,-12.0000, -0.0023,0.4035, 0.0439, -0.2557
10321.5459,-20.0000, -0.0192,-12.0000, -0.0021,0.2437, -0.3356, -0.1158
10341.5449,-20.0000, -0.0194,-12.0000, -0.0015,-0.0360, 0.1039, 0.0240
10361.5449,-20.0000, -0.0184,-12.0000, -0.0014,0.1638, 0.0040, -0.1358
10381.5449,-20.0000, -0.0180,-12.0000, -0.0018,0.1838, -0.1558, -0.1158
10401.5430,-20.0000, -0.0186,-12.0000, -0.0012,0.2237, -0.0959, 0.0240
10421.5420,-20.0000, -0.0185,-12.0000, -0.0011,0.1039, 0.0439, 0.0439
10441.5430,-20.0000, -0.0187,-12.0000, -0.0012,0.1838, 0.0240, 0.0639
10461.5459,-20.0000, -0.0192,-12.0000, -0.0014,-0.0160, 0.0439, 0.0439
10481.5410,-20.0000, -0.0197,-12.0000, -0.0014,0.0839, 0.0439, 0.0439
10501.5410,-20.0000, -0.0209,-12.0000, -0.0014,0.2836, -0.1957, 0.0240
10521.5420,-20.0000, -0.0217,-12.0000, -0.0016,0.3835, -0.2557, -0.2557
10541.5400,-20.0000, -0.0223,-12.0000, -0.0019,0.5033, 0.0040, -0.1558
10561.5410,-20.0000, -0.0221,-12.0000, -0.0021,0.2437, -0.1158, -0.2357
10582.5391,-20.0000, -0.0223,-12.0000, -0.0019,0.2237, 0.1039, -0.4554
10602.5400,-20.0000, -0.0234,-12.0000, -0.0020,0.2836, 0.0040, -0.2357
10622.5381,-20.0000, -0.0235,-12.0000, -0.0017,0.4834, -0.1758, 0.1838
10642.5361,-20.0000, -0.0233,-12.0000, -0.0013,0.5233, -0.2557, 0.2037
10662.5361,-20.0000, -0.0244,-12.0000, -0.0016,0.4234, -0.1558, 0.0639
10682.5361,-20.0000, -0.0258,-12.0000, -0.0020,0.2836, -0.0759, 0.0639
10702.5361,-20.0000, -0.0267,-12.0000, -0.0027,0.4234, -0.0959, -0.0360
10722.5352,-20.0000, -0.0285,-12.0000, -0.0029,0.5033, -0.0160, -0.2956
10742.5342,-20.0000, -0.0304,-12.0000, -0.0030,0.3236, -0.0959, -0.2956
10762.5342,-20.0000, -0.0317,-12.0000, -0.0025,0.6032, -0.2357, -0.4754
10782.5332,-20.0000, -0.0328,-12.0000, -0.0021,0.6232, -0.2756, -0.0759
10802.5332,-20.0000, -0.0329,-12.0000, -0.0023,0.6232, 0.1238, -0.1758
10822.5322,-20.0000, -0.0329,-12.0000, -0.0027,0.5832, 0.0040, -0.1558
10842.5312,-20.0000, -0.0343,-12.0000, -0.0027,0.3036, -0.3156, -0.1957
10862.5303,-20.0000, -0.0367,-12.0000, -0.0023,0.3835, -0.5153, -0.3555
10881.5312,-20.0000, -0.0385,-12.0000, -0.0021,0.6432, -0.1957, -0.3955
10902.5293,-20.0000, -0.0394,-12.0000, -0.0024,1.2424, 0.1438, -0.1558
10922.5283,-20.0000, -0.0393,-12.0000, -0.0021,0.7230, -0.2157, 0.0439
10943.5312,-20.0000, -0.0407,-12.0000, -0.0019,0.7430, -0.4554, -0.4155
10962.5273,-20.0000, -0.0439,-12.0000, -0.0025,0.6032, -0.4354, -0.5353
10983.5273,-20.0000, -0.0442,-12.0000, -0.0030,0.8429, -0.0559, -0.2157
11003.5273,-20.0000, -0.0435,-12.0000, -0.0033,0.8828, -0.5553, -0.3156
11023.5283,-20.0000, -0.0454,-12.0000, -0.0033,0.9627, -0.6551, -0.5353
11042.5254,-20.0000, -0.0467,-12.0000, -0.0036,0.8828, -0.3156, -0.3755
11063.5264,-20.0000, -0.0470,-12.0000, -0.0034,0.7230, -0.0759, -0.5153
11082.5244,-20.0000, -0.0497,-12.0000, -0.0026,1.0826, -0.3755, -0.4354
11103.5244,-20.0000, -0.0511,-12.0000, -0.0019,1.1425, -0.3356, -0.5353
11122.5215,-20.0000, -0.0500,-12.0000, -0.0018,0.7830, -0.7350, -0.4953
11143.5225,-20.0000, -0.0509,-12.0000, -0.0024,1.3223, -0.4754, -0.2756
11163.5215,-20.0000, -0.0539,-12.0000, -0.0041,0.8629, -0.4155, -0.3356
11182.5205,-20.0000, -0.0564,-12.0000, -0.0048,1.0826, -0.2157, -0.5952
11203.5205,-20.0000, -0.0582,-12.0000, -0.0047,1.1425, -0.4354, -0.6751
11222.5176,-20.0000, -0.0594,-12.0000, -0.0041,1.3622, -0.3156, -0.3955
11243.5215,-20.0000, -0.0606,-12.0000, -0.0038,1.4820, -0.5353, -0.3755
11262.5195,-20.0000, -0.0633,-12.0000, -0.0049,1.4421, -0.6352, -0.9148
11283.5215,-20.0000, -0.0652,-12.0000, -0.0060,1.2024, -0.5353, -0.7151
11304.5205,-20.0000, -0.0654,-12.0000, -0.0057,1.3622, -0.6152, -0.4354
11323.5176,-20.0000, -0.0659,-12.0000, -0.0042,1.5619, -0.8149, -0.7750
11344.5176,-20.0000, -0.0657,-12.0000, -0.0034,1.3422, -0.4754, -0.6152
11363.5186,-20.0000, -0.0648,-12.0000, -0.0031,1.4221, -0.4554, -0.8549
11384.5156,-20.0000, -0.0667,-12.0000, -0.0040,1.2424, -0.6751, -1.3742
11403.5146,-20.0000, -0.0687,-12.0000, -0.0049,1.5020, -0.6352, -0.6152
11424.5195,-20.0000, -0.0680,-12.0000, -0.0045,1.8016, -0.4354, -0.5353
11443.5156,-20.0000, -0.0670,-12.0000, -0.0038,1.7217, -0.6751, -0.8349
11464.5146,-20.0000, -0.0671,-12.0000, -0.0036,1.9015, -0.6352, -0.7550
11483.5146,-20.0000, -0.0674,-12.0000, -0.0042,1.6019, -0.4953, -0.9148
11504.5127,-20.0000, -0.0682,-12.0000, -0.0054,1.4022, -0.6551, -0.7750
11523.5146,-20.0000, -0.0690,-12.0000, -0.0058,1.3822, -0.6751, -0.6951
11544.5137,-20.0000, -0.0686,-12.0000, -0.0051,2.1212, -0.6751, -0.6152
11563.5127,-20.0000, -0.0672,-12.0000, -0.0044,1.9614, -0.6751, -0.6751
11584.5098,-20.0000, -0.0671,-12.0000, -0.0043,1.5619, -0.6352, -0.7750
11603.5107,-20.0000, -0.0690,-12.0000, -0.0046,1.3622, -0.4754, -1.1944
11624.5088,-20.0000, -0.0702,-12.0000, -0.0051,1.7417, -0.7950, -0.7950
11643.5088,-20.0000, -0.0693,-12.0000, -0.0054,2.1012, -0.6152, -0.7750
11664.5098,-20.0000, -0.0676,-12.0000, -0.0055,1.8016, -0.7151, -1.0746
11685.5049,-20.0000, -0.0665,-12.0000, -0.0054,1.8016, -0.5952, -0.9947
11704.5088,-20.0000, -0.0664,-12.0000, -0.0053,1.8016, -0.7950, -0.8748
11725.5059,-20.0000, -0.0677,-12.0000, -0.0055,1.8815, -0.8349, -1.0546
11744.5068,-20.0000, -0.0686,-12.0000, -0.0056,1.9015, -0.8149, -0.7550
11765.5049,-20.0000, -0.0677,-12.0000, -0.0052,1.6418, -0.6152, -1.0946
11784.5186,-20.0000, -0.0655,-12.0000, -0.0051,2.0613, -0.6751, -1.3342
11805.5059,-20.0000, -0.0641,-12.0000, -0.0050,1.7018, -0.6751, -1.0147
11824.5010,-20.0000, -0.0659,-12.0000, -0.0046,1.7217, -0.6352, -1.0346
11845.5039,-20.0000, -0.0683,-12.0000, -0.0041,1.9015, -0.7750, -1.0946
11864.5000,-20.0000, -0.0689,-12.0000, -0.0032,1.9015, -0.6152, -1.0147
11885.5000,-20.0000, -0.0678,-12.0000, -0.0021,1.9015, -0.7750, -0.8149
11904.5000,-20.0000, -0.0657,-12.0000, -0.0009,1.7817, -0.8149, -0.4953
11925.5029,-20.0000, -0.0651,-12.0000, -0.0006,1.9814, -0.9547, -1.2144
11944.4980,-20.0000, -0.0664,-12.0000, -0.0011,1.9215, -0.6751, -0.7151
11965.5000,-20.0000, -0.0671,-12.0000, -0.0004,2.2810, -0.8349, -0.5952
11986.4990,-20.0000, -0.0656,-12.0000, 0.0006,2.0613, -1.0346, -0.9148
12005.4971,-20.0000, -0.0622,-12.0000, 0.0001,1.9614, -0.7350, -0.9547
12026.4971,-20.0000, -0.0590,-12.0000, -0.0005,1.2823, -0.6751, -0.8349
12045.4951,-20.0000, -0.0589,-12.0000, -0.0010,1.8016, -0.5952, -0.8549
12066.4941,-20.0000, -0.0603,-12.0000, -0.0015,2.0613, -1.0147, -0.7750
12085.4941,-20.0000, -0.0595,-12.0000, -0.0009,2.0413, -0.8349, -1.0546
12106.4932,-20.0000, -0.0577,-12.0000, -0.0002,1.9814, -0.9747, -1.1944
12125.4912,-20.0000, -0.0555,-12.0000, 0.0007,1.6019, -0.8948, -0.7950
12146.4922,-20.0000, -0.0536,-12.0000, 0.0014,1.8815, -0.6352, -0.4953
12165.4902,-20.0000, -0.0537,-12.0000, 0.0009,1.9015, -0.8549, -0.6551
12186.4922,-20.0000, -0.0541,-12.0000, 0.0000,2.2610, -0.9348, -1.0946
12205.4902,-20.0000, -0.0530,-12.0000, -0.0005,1.8416, -0.8349, -0.9547
12226.4893,-20.0000, -0.0498,-12.0000, 0.0005,1.4820, -0.7950, -0.8748
12245.4883,-20.0000, -0.0474,-12.0000, 0.0012,1.5619, -0.7950, -0.6551
12266.4883,-20.0000, -0.0482,-12.0000, 0.0013,2.0213, -0.6152, -0.6951
12285.4932,-20.0000, -0.0499,-12.0000, 0.0011,1.7617, -0.8549, -0.4155
12306.4873,-20.0000, -0.0492,-12.0000, 0.0008,1.6818, -0.8349, -1.2743
12325.4873,-20.0000, -0.0474,-12.0000, 0.0012,1.7018, -0.8748, -0.9148
12346.4854,-20.0000, -0.0469,-12.0000, 0.0021,1.9614, -0.7350, -1.0147
12365.4873,-20.0000, -0.0461,-12.0000, 0.0030,1.7617, -0.9547, -0.5153
12387.4824,-20.0000, -0.0448,-12.0000, 0.0026,1.7617, -0.6152, -0.3356
12406.4834,-20.0000, -0.0449,-12.0000, 0.0011,1.8416, -0.9547, -0.7750
12427.4863,-20.0000, -0.0451,-12.0000, 0.0001,1.8615, -0.9148, -1.0946
12446.4824,-20.0000, -0.0434,-12.0000, 0.0007,1.5020, -0.4953, -0.9348
12467.4814,-20.0000, -0.0417,-12.0000, 0.0019,1.5819, -0.7750, -0.5752
12486.4814,-20.0000, -0.0419,-12.0000, 0.0015,1.7417, -0.7550, -0.7750
12507.4834,-20.0000, -0.0429,-12.0000, -0.0005,1.5220, -1.0147, -0.7750
12526.4814,-20.0000, -0.0430,-12.0000, -0.0013,1.7817, -0.7151, -0.8349
12547.4824,-20.0000, -0.0427,-12.0000, 0.0001,1.9215, -0.6152, -0.8948
12566.4775,-20.0000, -0.0414,-12.0000, 0.0022,1.9414, -0.7750, -0.5952
12587.4795,-20.0000, -0.0395,-12.0000, 0.0032,1.5619, -0.9747, -0.6951
12606.4775,-20.0000, -0.0382,-12.0000, 0.0021,1.6019, -1.0147, -0.9148
12627.4785,-20.0000, -0.0388,-12.0000, -0.0000,2.0014, -0.7550, -0.9747
12646.4795,-20.0000, -0.0400,-12.0000, -0.0014,1.8216, -0.7550, -0.6152
12667.4775,-20.0000, -0.0398,-12.0000, -0.0007,1.6219, -0.4754, -0.6352
12686.4756,-20.0000, -0.0388,-12.0000, 0.0007,1.8216, -0.7151, -0.6751
12707.4785,-20.0000, -0.0382,-12.0000, 0.0005,1.8615, -0.7151, -0.7750
12726.4727,-20.0000, -0.0373,-12.0000, -0.0016,1.6818, -0.7550, -1.0746
12748.4746,-20.0000, -0.0353,-12.0000, -0.0026,1.8016, -0.8349, -0.9348
12767.4746,-20.0000, -0.0342,-12.0000, -0.0010,1.5220, -0.7151, -0.5752
12788.4727,-20.0000, -0.0344,-12.0000, 0.0012,1.8416, -0.8149, -0.6551
12807.4717,-20.0000, -0.0345,-12.0000, 0.0012,1.7018, -0.6551, -1.2743
12828.4736,-20.0000, -0.0337,-12.0000, -0.0012,1.6418, -1.0147, -0.5153
12847.4717,-20.0000, -0.0318,-12.0000, -0.0034,1.4820, -0.6551, -0.9348
12868.4697,-20.0000, -0.0310,-12.0000, -0.0032,1.6618, -0.4554, -0.6951
12887.4707,-20.0000, -0.0309,-12.0000, -0.0013,1.8815, -0.9547, -1.0546
12908.4717,-20.0000, -0.0288,-12.0000, -0.0005,1.6219, -0.7550, -1.0946
12927.4688,-20.0000, -0.0249,-12.0000, -0.0023,1.4621, -0.9547, -0.8948
12948.4707,-20.0000, -0.0228,-12.0000, -0.0052,1.3223, -0.4754, -0.5153
12967.4678,-20.0000, -0.0237,-12.0000, -0.0060,1.5020, -0.4354, -1.1145
12988.4658,-20.0000, -0.0247,-12.0000, -0.0033,1.6618, -0.7750, -0.6951
13007.4668,-20.0000, -0.0242,-12.0000, 0.0005,1.7417, -0.7550, -0.6352
13029.4629,-20.0000, -0.0231,-12.0000, 0.0011,1.7018, -0.6551, -0.7350
13048.4658,-20.0000, -0.0229,-12.0000, -0.0026,1.7217, -0.4953, -0.7750
13067.4648,-20.0000, -0.0210,-12.0000, -0.0062,1.6418, -0.5952, -0.4953
13088.4629,-20.0000, -0.0161,-12.0000, -0.0055,1.5220, -0.7750, -0.8948
13107.4629,-20.0000, -0.0101,-12.0000, -0.0016,1.2224, -0.3955, -0.7750
13129.4609,-20.0000, -0.0053,-12.0000, 0.0013,1.3822, -0.4354, -0.5553
13148.4600,-20.0000, -0.0015,-12.0000, 0.0000,1.2424, -0.3755, -0.6152
13169.4600,-20.0000, 0.0024,-12.0000, -0.0036,1.3223, -0.4354, -0.3356
13189.4600,-20.0000, 0.0051,-12.0000, -0.0047,0.8828, -0.4354, -0.5153
13208.4590,-20.0000, 0.0053,-12.0000, -0.0017,1.1025, -0.2756, -0.6352
13229.4570,-20.0000, 0.0051,-12.0000, 0.0018,0.9627, -0.1758, -0.6352
13248.4570,-20.0000, 0.0071,-12.0000, 0.0015,0.4834, -0.2756, -0.5752
13269.4570,-20.0000, 0.0113,-12.0000, -0.0030,0.9627, -0.2557, -0.1957
13289.4580,-20.0000, 0.0159,-12.0000, -0.0074,1.0426, -0.2756, -0.0360
13308.4570,-20.0000, 0.0192,-12.0000, -0.0075,0.9627, -0.2157, -0.3755
13329.4551,-20.0000, 0.0211,-12.0000, -0.0035,0.9028, -0.1558, -0.1158
13348.4541,-20.0000, 0.0221,-12.0000, -0.0001,0.6032, -0.2157, -0.3555
13369.4551,-20.0000, 0.0235,-12.0000, -0.0015,0.3236, -0.1558, -0.5153
13389.4541,-20.0000, 0.0252,-12.0000, -0.0064,0.7830, -0.1558, -0.2756
13409.4541,-20.0000, 0.0271,-12.0000, -0.0088,0.6631, 0.0040, 0.1638
13429.4551,-20.0000, 0.0285,-12.0000, -0.0050,0.0240, 0.0040, -0.6951
13450.4512,-20.0000, 0.0306,-12.0000, 0.0014,0.0839, -0.1758, -0.2557
13469.4521,-20.0000, 0.0322,-12.0000, 0.0038,1.5020, -0.2157, -0.5353
13490.4502,-20.0000, 0.0327,-12.0000, -0.0006,1.0227, -0.2557, -0.0759
13510.4492,-20.0000, 0.0355,-12.0000, -0.0066,0.0439, -0.0959, -0.2756
13530.4502,-20.0000, 0.0375,-12.0000, -0.0067,0.0639, 0.1438, -0.0360
13550.4492,-20.0000, 0.0367,-12.0000, -0.0006,0.0639, 0.0439, -0.1758
13569.4473,-20.0000, 0.0368,-12.0000, 0.0050,0.0639, 0.0639, -0.5353
13590.4473,-20.0000, 0.0373,-12.0000, 0.0044,0.2836, 0.0639, -0.1158
13610.4473,-20.0000, 0.0371,-12.0000, -0.0013,1.3822, 0.0439, 0.0439
13630.4453,-20.0000, 0.0374,-12.0000, -0.0049,0.5633, 0.0439, 0.0839
13650.4443,-20.0000, 0.0412,-12.0000, -0.0013,0.0439, 0.0040, 0.0439
13670.4443,-20.0000, 0.0445,-12.0000, 0.0060,0.0639, -0.0559, -0.1358
13690.4424,-20.0000, 0.0440,-12.0000, 0.0090,0.0439, 0.0639, -0.0360
13710.4434,-20.0000, 0.0434,-12.0000, 0.0044,0.0439, 0.0040, -0.3356
13730.4424,-20.0000, 0.0424,-12.0000, -0.0028,0.0639, -0.1358, -0.1558
13750.4424,-20.0000, 0.0419,-12.0000, -0.0051,0.0439, 0.0439, 0.0240
13770.4395,-20.0000, 0.0417,-12.0000, -0.0005,0.0439, 0.0439, 0.0439
13790.4404,-20.0000, 0.0413,-12.0000, 0.0052,0.0439, 0.0639, 0.0639
13811.4404,-20.0000, 0.0414,-12.0000, 0.0056,-0.0160, 0.0639, 0.0639
13831.4414,-20.0000, 0.0417,-12.0000, 0.0000,-0.2357, 0.0639, 0.2237
13851.4395,-20.0000, 0.0418,-12.0000, -0.0051,0.1039, 0.0639, 0.0639
13871.4395,-20.0000, 0.0408,-12.0000, -0.0032,0.1638, 0.2637, 0.1039
13891.4375,-20.0000, 0.0392,-12.0000, 0.0037,0.0439, 0.1039, 0.2637
13911.4355,-20.0000, 0.0385,-12.0000, 0.0083,0.0040, 0.1238, 0.0639
13931.4355,-20.0000, 0.0387,-12.0000, 0.0053,0.1438, -0.0360, 0.0439
13951.4365,-20.0000, 0.0391,-12.0000, -0.0022,-0.0360, 0.0639, 0.0439
13971.4346,-20.0000, 0.0391,-12.0000, -0.0059,0.0439, 0.0639, 0.0439
13991.4346,-20.0000, 0.0384,-12.0000, -0.0019,0.0639, 0.0639, -0.0360
14011.4346,-20.0000, 0.0379,-12.0000, 0.0053,0.0639, 0.0639, -0.0759
14031.4365,-20.0000, 0.0381,-12.0000, 0.0078,0.0639, 0.1638, 0.1838
14051.4346,-20.0000, 0.0385,-12.0000, 0.0030,0.0439, 0.0240, 0.0439
14071.4346,-20.0000, 0.0389,-12.0000, -0.0032,0.0439, 0.0639, 0.2437
14090.4346,-20.0000, 0.0389,-12.0000, -0.0028,-0.1558, 0.0639, 0.3236
14111.4355,-20.0000, 0.0383,-12.0000, 0.0045,-0.1558, 0.0639, 0.1238
14131.4346,-20.0000, 0.0383,-12.0000, 0.0110,0.1438, 0.0639, 0.4035
14152.4336,-20.0000, 0.0386,-12.0000, 0.0098,0.0439, 0.0639, 0.3835
14172.4326,-20.0000, 0.0392,-12.0000, 0.0022,0.0240, 0.0639, 0.2437
14192.4297,-20.0000, 0.0396,-12.0000, -0.0029,-0.5153, 0.0439, 0.0839
14212.4297,-20.0000, 0.0388,-12.0000, 0.0005,-0.2357, 0.0439, 0.2237
14232.4268,-20.0000, 0.0379,-12.0000, 0.0082,-0.2557, 0.0439, 0.1438
14252.4307,-20.0000, 0.0374,-12.0000, 0.0117,-0.0360, 0.0639, 0.1438
14272.4287,-20.0000, 0.0374,-12.0000, 0.0075,0.0439, 0.0639, 0.1838
14292.4287,-20.0000, 0.0368,-12.0000, 0.0010,0.0639, 0.0639, 0.1638
14312.4277,-20.0000, 0.0366,-12.0000, 0.0003,0.0439, 0.0639, 0.1638
14331.4258,-20.0000, 0.0362,-12.0000, 0.0066,-0.1358, 0.0639, 0.4234
14352.4277,-20.0000, 0.0361,-12.0000, 0.0133,-0.6352, 0.0639, 0.1238
14372.4258,-20.0000, 0.0366,-12.0000, 0.0133,-0.4155, 0.0639, 0.2237
14391.4229,-20.0000, 0.0358,-12.0000, 0.0071,0.0439, 0.0639, 0.1039
14412.4258,-20.0000, 0.0338,-12.0000, 0.0014,0.0439, 0.0639, 0.4234
14431.4219,-20.0000, 0.0333,-12.0000, 0.0017,0.0639, 0.0639, 0.0639
14452.4238,-20.0000, 0.0340,-12.0000, 0.0072,0.0439, 0.0639, 0.2836
14472.4238,-20.0000, 0.0341,-12.0000, 0.0126,-0.1358, 0.0639, 0.2237
14492.4199,-20.0000, 0.0337,-12.0000, 0.0129,-0.4155, 0.0439, 0.2637
14512.4199,-20.0000, 0.0327,-12.0000, 0.0086,-0.4354, -0.0360, 0.4035
14533.4199,-20.0000, 0.0315,-12.0000, 0.0044,0.1238, 0.0439, 0.5832
14552.4150,-20.0000, 0.0296,-12.0000, 0.0047,0.0040, -0.0559, 0.0639
14573.4189,-20.0000, 0.0287,-12.0000, 0.0086,0.0439, 0.0040, 0.1238
14592.4160,-20.0000, 0.0291,-12.0000, 0.0121,0.0439, 0.0439, 0.4634
14613.4180,-20.0000, 0.0297,-12.0000, 0.0120,-0.1358, -0.1158, 0.1238
14632.4150,-20.0000, 0.0298,-12.0000, 0.0087,-0.6152, -0.0360, 0.3435
14653.4121,-20.0000, 0.0290,-12.0000, 0.0055,-0.2756, -0.0759, 0.2437
14672.4141,-20.0000, 0.0274,-12.0000, 0.0052,-0.2037, 0.1438, 0.3036
14693.4121,-20.0000, 0.0264,-12.0000, 0.0080,0.1638, 0.0439, 0.5033
14713.4131,-20.0000, 0.0263,-12.0000, 0.0113,0.0439, 0.0639, 0.1438
14733.4111,-20.0000, 0.0258,-12.0000, 0.0124,0.0439, -0.1358, 0.1838
14753.4102,-20.0000, 0.0252,-12.0000, 0.0106,0.0439, -0.1358, 0.5033
14772.4111,-20.0000, 0.0245,-12.0000, 0.0080,-0.1558, 0.0240, 0.3435
14793.4092,-20.0000, 0.0245,-12.0000, 0.0066,-0.1758, -0.1758, -0.0160
14813.4092,-20.0000, 0.0246,-12.0000, 0.0073,-0.1957, -0.0759, 0.1438
14833.4102,-20.0000, 0.0245,-12.0000, 0.0091,0.1039, -0.0559, 0.1638
14853.4102,-20.0000, 0.0241,-12.0000, 0.0107,-0.0360, -0.0559, 0.3435
14872.4082,-20.0000, 0.0238,-12.0000, 0.0106,-0.1558, 0.0040, 0.1638
14893.4082,-20.0000, 0.0236,-12.0000, 0.0091,-0.0360, 0.0240, 0.1838
14914.4062,-20.0000, 0.0230,-12.0000, 0.0081,0.0439, 0.0240, 0.0839
14933.4062,-20.0000, 0.0228,-12.0000, 0.0092,0.0639, 0.0439, 0.2437
14954.4043,-20.0000, 0.0229,-12.0000, 0.0119,0.0639, 0.0439, 0.3635
14973.4053,-20.0000, 0.0226,-12.0000, 0.0137,0.0639, 0.0639, 0.2437
14994.4033,-20.0000, 0.0228,-12.0000, 0.0125,0.0240, -0.0360, 0.6432
15013.4033,-20.0000, 0.0230,-12.0000, 0.0096,-0.3755, -0.3156, 0.4035
15034.4023,-20.0000, 0.0230,-12.0000, 0.0076,-0.3955, -0.4354, 0.0040
15054.4033,-20.0000, 0.0218,-12.0000, 0.0084,0.0439, 0.0439, 0.5033
15073.4004,-20.0000, 0.0202,-12.0000, 0.0109,0.0439, -0.0160, 0.3635
15094.4014,-20.0000, 0.0201,-12.0000, 0.0126,0.0639, -0.0360, 0.1238
15114.4004,-20.0000, 0.0203,-12.0000, 0.0121,0.0639, -0.0559, 0.1838
15133.4004,-20.0000, 0.0200,-12.0000, 0.0106,0.0639, -0.2557, 0.7031
15154.4033,-20.0000, 0.0198,12.0000, 0.0101,0.0439, -0.1158, 0.8029
15173.3965,-20.0000, 0.0199,12.0000, 0.0112,-0.3356, -0.2157, 0.2637
15194.4023,-20.0000, 0.0200,12.0000, 0.0125,-0.4554, 0.0040, 0.3635
15213.3994,-20.0000, 0.0191,12.0000, 0.0125,0.0439, -0.2157, 0.3635
15234.3975,-20.0000, 0.0171,12.0000, 0.0111,0.0439, -0.2157, 0.4834
15255.3965,-20.0000, 0.0162,12.0000, 0.0095,0.0439, -0.0959, 0.2437
15274.3945,-20.0000, 0.0162,12.0000, 0.0087,0.0639, -0.1358, 0.3835
15295.3965,-20.0000, 0.0162,12.0000, 0.0089,0.0639, -0.0759, 0.2836
15314.3945,-20.0000, 0.0161,12.0000, 0.0097,0.0639, -0.2756, 0.4234
15335.3965,-20.0000, 0.0158,12.0000, 0.0103,0.0439, -0.0959, 0.5633
15354.3945,-20.0000, 0.0158,12.0000, 0.0099,0.0439, -0.2157, 0.1838
15375.3926,-20.0000, 0.0162,12.0000, 0.0088,-0.3356, -0.2557, 0.6032
15394.3916,-20.0000, 0.0169,12.0000, 0.0081,-0.3755, -0.2357, 0.5433
15415.4043,-20.0000, 0.0168,12.0000, 0.0075,-0.0160, 0.1638, -0.0559
15435.3984,-20.0000, 0.0162,12.0000, 0.0067,0.0439, -0.1758, 0.3236
15454.3887,-20.0000, 0.0167,12.0000, 0.0063,-0.0160, 0.1438, 0.1039
15475.3906,-20.0000, 0.0175,12.0000, 0.0056,-0.3955, -0.0360, 0.4035
15494.3896,-20.0000, 0.0181,12.0000, 0.0047,-0.2357, -0.1758, 0.3635
15515.3906,-20.0000, 0.0180,12.0000, 0.0039,0.0040, -0.2756, 0.3435
15534.3906,-20.0000, 0.0178,12.0000, 0.0034,0.0439, 0.0639, 0.1838
15555.3906,-20.0000, 0.0188,12.0000, 0.0038,-0.0160, 0.0439, 0.6831
15574.3877,-20.0000, 0.0197,12.0000, 0.0035,-0.0360, 0.0439, 0.3635
15595.3906,-20.0000, 0.0206,12.0000, 0.0021,-0.6352, 0.0639, 0.1238
15616.3877,-20.0000, 0.0216,12.0000, 0.0013,-0.4754, 0.0639, 0.3835
15635.3857,-20.0000, 0.0224,12.0000, 0.0011,-0.0559, 0.0839, 0.3036
15656.3877,-20.0000, 0.0226,12.0000, 0.0016,0.0040, 0.0839, 0.3236
15675.3867,-20.0000, 0.0235,12.0000, 0.0017,0.0040, 0.0639, 0.2237
15696.3848,-20.0000, 0.0256,12.0000, 0.0012,-0.4155, 0.0439, 0.3635
15715.3857,-20.0000, 0.0280,12.0000, 0.0007,-0.2357, 0.0439, 0.3635
15736.3906,-20.0000, 0.0292,12.0000, 0.0000,-0.3955, 0.0639, 0.0439
15755.3838,-20.0000, 0.0300,12.0000, -0.0003,-0.3555, 0.0639, 0.2437
15776.3828,-20.0000, 0.0305,12.0000, 0.0001,-0.6751, 0.0839, 0.8229
15795.3828,-20.0000, 0.0307,12.0000, 0.0003,-0.1558, 0.0839, 0.1838
15816.3818,-20.0000, 0.0317,12.0000, -0.0003,-0.3755, 0.5233, 0.1238
15835.3828,-20.0000, 0.0335,12.0000, -0.0006,-0.7750, 0.2637, 0.2836
15856.3799,-20.0000, 0.0348,12.0000, -0.0005,-0.3555, 0.1238, 0.3635
15875.3809,-20.0000, 0.0349,12.0000, -0.0004,-0.4754, 0.0639, 0.9627
15896.3789,-20.0000, 0.0360,12.0000, -0.0001,-0.2956, 0.3036, 0.1638
15915.3779,-20.0000, 0.0377,12.0000, -0.0015,-0.5353, 0.2437, 0.6232
15936.3770,-20.0000, 0.0396,12.0000, -0.0024,-0.8349, 0.2836, 0.7031
15955.3760,-20.0000, 0.0408,12.0000, -0.0026,-0.6951, 0.5832, 0.4434
15976.3770,-20.0000, 0.0409,12.0000, -0.0042,-0.6152, 0.4434, 0.2237
15997.3740,-20.0000, 0.0411,12.0000, -0.0039,-0.4354, 0.5033, 0.1638
16016.3770,-20.0000, 0.0421,12.0000, -0.0029,-0.8748, 0.1238, 0.3435
16037.3740,-20.0000, 0.0449,12.0000, -0.0029,-0.7151, 0.2836, 0.4234
16056.3730,-20.0000, 0.0472,12.0000, -0.0028,-0.9148, 0.4834, 0.6432
16077.3730,-20.0000, 0.0475,12.0000, -0.0028,-0.7550, 0.5233, 0.5832
16096.3730,-20.0000, 0.0470,12.0000, -0.0028,-0.6951, 0.7031, 0.6631
16117.3711,-20.0000, 0.0476,12.0000, -0.0032,-0.9747, 0.2637, 0.5033
16136.3721,-20.0000, 0.0495,12.0000, -0.0036,-1.0546, 0.5633, 0.2237
16157.3691,-20.0000, 0.0514,12.0000, -0.0040,-1.0946, 0.3835, 0.0439
16176.3701,-20.0000, 0.0522,12.0000, -0.0045,-0.7550, 0.8229, 0.6232
16197.3672,-20.0000, 0.0521,12.0000, -0.0042,-0.8948, 0.5233, 0.5633
16216.3662,-20.0000, 0.0534,12.0000, -0.0050,-1.1944, 0.5233, 0.4434
16237.3672,-20.0000, 0.0547,12.0000, -0.0060,-1.1944, 0.5832, 0.5433
16256.3682,-20.0000, 0.0557,12.0000, -0.0043,-0.9747, 0.8629, 0.5433
16277.3672,-20.0000, 0.0576,12.0000, -0.0036,-1.1345, 0.5633, 0.5233
16296.3643,-20.0000, 0.0601,12.0000, -0.0048,-0.9348, 0.7031, 0.6232
16317.3643,-20.0000, 0.0609,12.0000, -0.0053,-1.1145, 0.7031, 0.7430
16336.3623,-20.0000, 0.0607,12.0000, -0.0054,-1.4940, 0.7230, 0.5033
16358.3623,-20.0000, 0.0616,12.0000, -0.0050,-1.0746, 0.6831, 0.7230
16377.3613,-20.0000, 0.0640,12.0000, -0.0047,-1.1944, 0.6831, 0.5433
16398.3613,-20.0000, 0.0666,12.0000, -0.0053,-1.1944, 0.7830, 0.9228
16417.3613,-20.0000, 0.0673,12.0000, -0.0056,-1.2943, 1.0826, 0.8229
16437.3613,-20.0000, 0.0656,12.0000, -0.0055,-1.4541, 1.0426, 0.9028
16458.3594,-20.0000, 0.0642,12.0000, -0.0052,-1.4741, 0.8029, 0.6831
16477.3574,-20.0000, 0.0652,12.0000, -0.0048,-1.3542, 0.4434, 0.6032
16497.3574,-20.0000, 0.0676,12.0000, -0.0040,-1.3742, 0.7430, 0.9827
16517.3594,-20.0000, 0.0686,12.0000, -0.0038,-1.6338, 0.7430, 0.8629
16538.3594,-20.0000, 0.0668,12.0000, -0.0051,-1.4940, 0.6831, 0.7031
16557.3555,-20.0000, 0.0639,12.0000, -0.0050,-1.3542, 0.8828, 0.9627
16577.3574,-20.0000, 0.0631,12.0000, -0.0032,-1.1745, 0.6232, 1.2224
16597.3555,-20.0000, 0.0654,12.0000, -0.0028,-1.4541, 1.0027, 0.5832
16618.3555,-20.0000, 0.0682,12.0000, -0.0047,-1.7737, 0.7430, 0.8629
16637.3555,-20.0000, 0.0689,12.0000, -0.0053,-1.9135, 0.7830, 0.9627
16657.3535,-20.0000, 0.0664,12.0000, -0.0047,-1.4541, 0.8828, 0.9428
16677.3555,-20.0000, 0.0637,12.0000, -0.0045,-1.4141, 0.9827, 0.8029
16697.3555,-20.0000, 0.0641,12.0000, -0.0045,-1.4741, 0.9028, 1.0227
16717.3535,-20.0000, 0.0669,12.0000, -0.0052,-1.7936, 0.9827, 0.7830
16739.3535,-20.0000, 0.0676,12.0000, -0.0058,-1.6338, 0.7230, 0.8029
16759.3594,-20.0000, 0.0644,12.0000, -0.0051,-1.5739, 0.8229, 1.1025
16779.3516,-20.0000, 0.0611,12.0000, -0.0052,-1.5340, 0.9428, 1.0826
16798.3477,-20.0000, 0.0605,12.0000, -0.0057,-1.7537, 0.9228, 0.8828
16818.3496,-20.0000, 0.0620,12.0000, -0.0058,-1.3742, 0.9627, 0.9627
16838.3496,-20.0000, 0.0629,12.0000, -0.0061,-1.6338, 0.9228, 0.6831
16858.3496,-20.0000, 0.0619,12.0000, -0.0057,-1.6738, 0.7630, 0.9627
16878.3516,-20.0000, 0.0595,12.0000, -0.0055,-1.6738, 1.1025, 0.9827
16898.3516,-20.0000, 0.0574,12.0000, -0.0059,-1.4541, 0.9827, 0.5233
16919.3496,-20.0000, 0.0575,12.0000, -0.0062,-1.4141, 1.0826, 0.6631
16938.3516,-20.0000, 0.0584,12.0000, -0.0061,-1.5739, 1.1824, 0.7430
16958.3477,-20.0000, 0.0582,12.0000, -0.0053,-1.6139, 0.8429, 0.9627
16978.3438,-20.0000, 0.0557,12.0000, -0.0053,-1.6139, 0.7630, 1.0426
16998.3438,-20.0000, 0.0535,12.0000, -0.0064,-1.5340, 1.0826, 1.0626
17018.3418,-20.0000, 0.0530,12.0000, -0.0066,-1.7337, 0.9428, 0.7430
17038.3438,-20.0000, 0.0538,12.0000, -0.0065,-1.4141, 0.7630, 0.7630
17058.3418,-20.0000, 0.0546,12.0000, -0.0064,-1.2743, 0.8828, 0.8229
17080.3457,-20.0000, 0.0538,12.0000, -0.0055,-1.7337, 0.8029, 1.0027
17099.3438,-20.0000, 0.0527,12.0000, -0.0052,-1.9534, 0.9428, 0.4434
17119.3438,-20.0000, 0.0514,12.0000, -0.0055,-1.4741, 0.8629, 0.9428
17139.3418,-20.0000, 0.0509,12.0000, -0.0043,-1.2743, 1.2024, 0.9028
17159.3398,-20.0000, 0.0517,12.0000, -0.0033,-1.5540, 0.9627, 1.1425
17179.3398,-20.0000, 0.0528,12.0000, -0.0042,-1.6139, 0.9028, 1.0826
17199.3379,-20.0000, 0.0518,12.0000, -0.0055,-1.5939, 0.9028, 0.7830
17219.3379,-20.0000, 0.0495,12.0000, -0.0055,-1.6738, 1.0826, 0.8429
17239.3398,-20.0000, 0.0486,12.0000, -0.0048,-1.7337, 0.8029, 0.6432
17259.3379,-20.0000, 0.0504,12.0000, -0.0048,-1.5939, 0.8029, 0.6032
17279.3359,-20.0000, 0.0533,12.0000, -0.0051,-1.6338, 0.8429, 1.1625
17299.3398,-20.0000, 0.0541,12.0000, -0.0062,-1.5939, 0.9028, 0.9428
17319.3359,-20.0000, 0.0533,12.0000, -0.0076,-1.7337, 0.9228, 0.7430
17339.3340,-20.0000, 0.0528,12.0000, -0.0083,-1.8735, 0.9627, 0.8029
17359.3359,-20.0000, 0.0544,12.0000, -0.0081,-1.8136, 1.2024, 1.0227
17379.3340,-20.0000, 0.0575,12.0000, -0.0086,-1.6938, 0.7630, 0.6631
17399.3320,-20.0000, 0.0585,12.0000, -0.0092,-1.7137, 1.1225, 0.7630
17419.3340,-20.0000, 0.0566,12.0000, -0.0090,-2.0133, 0.9428, 1.1025
17441.3320,-20.0000, 0.0553,12.0000, -0.0081,-1.9734, 1.0426, 0.8828
17460.3281,-20.0000, 0.0558,12.0000, -0.0069,-2.0333, 1.1625, 0.8029
17480.3320,-20.0000, 0.0562,12.0000, -0.0060,-1.6538, 1.4621, 1.0027
17500.3301,-20.0000, 0.0556,12.0000, -0.0050,-1.9534, 1.2224, 0.8828
17520.3262,-20.0000, 0.0535,12.0000, -0.0041,-2.0133, 0.7430, 0.7430
17540.3301,-20.0000, 0.0511,12.0000, -0.0034,-1.8935, 0.8429, 1.0826
17560.3262,-20.0000, 0.0506,12.0000, -0.0030,-1.4741, 0.9627, 0.9827
17580.3281,-20.0000, 0.0513,12.0000, -0.0025,-1.7137, 1.4022, 0.8629
17600.3281,-20.0000, 0.0504,12.0000, -0.0023,-1.8536, 1.4221, 1.0826
17620.3262,-20.0000, 0.0486,12.0000, -0.0017,-1.6738, 1.1225, 0.8828
17640.3242,-20.0000, 0.0474,12.0000, -0.0013,-2.0333, 0.9028, 0.9028
17660.3242,-20.0000, 0.0450,12.0000, -0.0009,-1.6938, 0.5832, 1.1225
17680.3242,-20.0000, 0.0423,12.0000, 0.0000,-1.8136, 0.8229, 0.7031
17700.3242,-20.0000, 0.0407,12.0000, 0.0005,-1.7537, 1.1025, 0.9428
17720.3223,-20.0000, 0.0404,12.0000, 0.0017,-1.4541, 1.1824, 0.9028
17740.3203,-20.0000, 0.0396,12.0000, 0.0031,-1.9335, 1.2424, 1.3422
17760.3223,-20.0000, 0.0375,12.0000, 0.0034,-1.8536, 0.8629, 0.8229
17780.3203,-20.0000, 0.0358,12.0000, 0.0036,-1.7936, 0.4234, 0.6631
17802.3203,-20.0000, 0.0347,12.0000, 0.0041,-1.4541, 0.7430, 1.0227
17822.3184,-20.0000, 0.0347,12.0000, 0.0041,-1.6738, 1.0227, 1.5619
17842.3203,-20.0000, 0.0339,12.0000, 0.0044,-1.7537, 0.1838, 1.1025
17862.3184,-20.0000, 0.0296,12.0000, 0.0042,-1.5739, 0.4035, 0.7830
17881.3164,-20.0000, 0.0262,12.0000, 0.0029,-1.5140, 1.4820, 0.8229
17901.3164,-20.0000, 0.0274,12.0000, 0.0016,-1.4541, 1.5420, 0.5633
17921.3184,-20.0000, 0.0267,12.0000, 0.0034,-1.4741, 0.9428, 1.2424
17941.3164,-20.0000, 0.0226,12.0000, 0.0068,-1.3342, 0.0639, 1.0227
17961.3203,-20.0000, 0.0200,12.0000, 0.0080,-1.2543, 0.0639, 1.1625
17981.3125,-20.0000, 0.0201,12.0000, 0.0070,-1.3942, 0.3835, 0.7630
18001.3164,-20.0000, 0.0201,12.0000, 0.0049,-1.1345, 1.0426, 0.6831
18021.3145,-20.0000, 0.0181,12.0000, 0.0037,-1.1944, 1.0626, 1.0826
18041.3125,-20.0000, 0.0152,12.0000, 0.0041,-1.5540, 0.0839, 0.6432
18061.3125,-20.0000, 0.0123,12.0000, 0.0047,-1.5340, 0.7031, 0.6831
18081.3125,-20.0000, 0.0113,12.0000, 0.0049,-1.0546, 0.6232, 1.0426
18101.3105,-20.0000, 0.0113,12.0000, 0.0051,-1.0147, 0.4634, 1.1225
18121.3125,-20.0000, 0.0087,12.0000, 0.0050,-1.3942, 1.4022, 0.3236
18142.3125,-20.0000, 0.0056,12.0000, 0.0045,-1.1745, 0.7830, 0.4035
18162.3105,-20.0000, 0.0039,12.0000, 0.0062,-1.1545, -0.0360, 1.1824
18182.3086,-20.0000, 0.0024,12.0000, 0.0080,-0.8748, 0.0639, 1.4022
18202.3086,-20.0000, 0.0005,12.0000, 0.0061,-1.0346, 0.0839, 0.8429
18222.3066,-20.0000, -0.0015,12.0000, 0.0042,-0.8748, 1.0626, 0.3036
18243.3086,-20.0000, -0.0024,12.0000, 0.0033,-1.0946, 0.9228, -0.0360
18262.3066,-20.0000, -0.0037,12.0000, 0.0043,-0.9947, 0.1638, 1.0227
18282.3066,-20.0000, -0.0065,12.0000, 0.0067,-1.0147, 0.0839, 1.4022
18302.3066,-20.0000, -0.0084,12.0000, 0.0055,-0.6551, 0.0639, 0.5832
18323.3086,-20.0000, -0.0113,12.0000, 0.0025,-0.6152, 0.3435, 0.1638
18342.3047,-20.0000, -0.0133,12.0000, 0.0016,-0.6152, -0.0160, 0.0639
18363.3066,-20.0000, -0.0120,12.0000, 0.0023,-0.9747, 0.0839, 0.4035
18382.3027,-20.0000, -0.0123,12.0000, 0.0029,-0.8948, 0.3835, 1.1225
18402.3008,-20.0000, -0.0135,12.0000, 0.0023,-0.6751, 0.8229, 0.7430
18423.3066,-20.0000, -0.0163,12.0000, 0.0011,-0.6551, 1.2623, 0.1039
18442.3008,-20.0000, -0.0211,12.0000, 0.0010,-0.6551, 0.0240, 0.1438
18463.3027,-20.0000, -0.0239,12.0000, 0.0029,-0.7950, 0.0639, 0.3635
18483.3008,-20.0000, -0.0252,12.0000, 0.0032,-0.4953, 0.0639, 0.8029
18502.2988,-20.0000, -0.0259,12.0000, 0.0024,-0.1398, 0.0639, 1.0626
18524.3008,-20.0000, -0.0272,12.0000, 0.0016,-0.4155, 0.0639, 0.0040
18543.3008,-20.0000, -0.0299,12.0000, -0.0005,-0.3955, 0.7430, 0.0839
18564.3008,-20.0000, -0.0311,12.0000, -0.0008,-0.3955, 1.5420, 0.0639
18583.2988,-20.0000, -0.0310,12.0000, -0.0001,-0.1158, 0.5433, 0.0639
18604.3008,-20.0000, -0.0344,12.0000, 0.0023,-0.2357, -0.0360, 0.4434
18623.2969,-20.0000, -0.0388,12.0000, 0.0045,-0.3955, 0.0040, 0.1838
18643.2969,-20.0000, -0.0388,12.0000, 0.0034,-0.2956, -0.4354, 0.5033
18663.2969,-20.0000, -0.0390,12.0000, 0.0028,0.1438, -0.0759, 0.5233
18684.2949,-20.0000, -0.0398,12.0000, 0.0014,-0.0959, 0.0040, 0.1438
18703.2969,-20.0000, -0.0387,12.0000, -0.0002,0.0040, -0.4953, 0.0639
18724.2930,-20.0000, -0.0393,12.0000, 0.0000,-0.3555, -0.3356, 0.1238
18743.2969,-20.0000, -0.0389,12.0000, -0.0007,-0.2357, 0.1039, 0.1838
18764.2930,-20.0000, -0.0363,12.0000, -0.0019,-0.0160, 0.0439, 0.2437
18783.2930,-20.0000, -0.0366,12.0000, -0.0025,0.1238, 0.0639, 0.1438
18804.2910,-20.0000, -0.0381,12.0000, -0.0029,-0.0360, 0.0639, 0.0839
18823.2910,-20.0000, -0.0381,12.0000, -0.0029,-0.0759, 0.0639, 0.1638
18844.2910,-20.0000, -0.0384,12.0000, -0.0027,-0.0759, 0.0639, 0.0639
18865.2891,-20.0000, -0.0389,12.0000, -0.0027,-0.0759, 0.0639, 0.0639
18884.2891,-20.0000, -0.0393,12.0000, -0.0027,-0.0160, 0.0639, 0.0639
18905.2871,-20.0000, -0.0399,12.0000, -0.0028,0.0240, 0.0639, 0.0639
18924.2871,-20.0000, -0.0405,12.0000, -0.0030,0.0439, 0.0839, 0.0639
18945.2891,-20.0000, -0.0409,12.0000, -0.0031,0.0439, 0.1238, 0.0639
18964.2852,-20.0000, -0.0413,12.0000, -0.0032,0.0639, 0.0839, 0.0639
18985.2832,-20.0000, -0.0416,12.0000, -0.0033,0.0639, 0.0839, 0.0639
19004.2832,-20.0000, -0.0418,12.0000, -0.0031,0.0639, 0.0639, 0.0639
19025.2832,-20.0000, -0.0418,12.0000, -0.0032,0.1238, 0.6432, 0.0639
19044.2832,-20.0000, -0.0415,12.0000, -0.0036,0.2237, 0.3435, 0.0639
19065.2812,-20.0000, -0.0420,12.0000, -0.0030,0.1438, 0.1838, 0.0639
19084.2793,-20.0000, -0.0435,12.0000, -0.0020,0.1438, 0.0639, 0.0639
19105.2773,-20.0000, -0.0439,12.0000, -0.0019,0.1438, 0.0639, 0.0439
19124.2793,-20.0000, -0.0437,12.0000, -0.0019,0.3635, 0.0639, 0.0439
19145.2793,-20.0000, -0.0441,12.0000, -0.0021,0.5033, 0.0639, 0.0439
19164.2852,-20.0000, -0.0439,12.0000, -0.0021,0.3236, 0.0639, 0.0439
19185.2793,-20.0000, -0.0437,12.0000, -0.0021,0.2637, 0.0439, 0.0439
19204.2773,-20.0000, -0.0439,12.0000, -0.0018,0.3036, -0.0360, -0.3955
19224.2773,-20.0000, -0.0435,12.0000, -0.0014,0.2237, 0.0839, -0.2956
19245.2754,-20.0000, -0.0422,12.0000, -0.0008,0.3835, -0.7550, -0.0360
19266.2734,-20.0000, -0.0406,12.0000, -0.0001,0.1438, -0.8549, -0.0160
19285.2754,-20.0000, -0.0396,12.0000, -0.0008,0.0839, -0.0360, 0.0040
19306.2754,-20.0000, -0.0371,12.0000, -0.0024,0.1638, 0.0240, 0.0439
19325.2715,-20.0000, -0.0352,12.0000, -0.0026,0.5433, 0.0439, -0.0559
19346.2793,-20.0000, -0.0358,12.0000, -0.0022,0.1838, 0.0639, 0.1238
19365.2734,-20.0000, -0.0354,12.0000, -0.0021,0.0240, 0.0639, 0.0439
19386.2695,-20.0000, -0.0350,12.0000, -0.0019,0.2237, 0.0639, 0.1838
19405.2695,-20.0000, -0.0350,12.0000, -0.0018,0.1438, 0.0639, 0.0439
19426.2773,-20.0000, -0.0348,12.0000, -0.0020,-0.0360, 0.0639, 0.0439
19445.2715,-20.0000, -0.0349,12.0000, -0.0020,0.2237, 0.0639, -0.0360
19465.2793,-20.0000, -0.0349,12.0000, -0.0021,0.2237, 0.0639, -0.1957
19486.2715,-20.0000, -0.0348,12.0000, -0.0022,0.1238, 0.0639, 0.1238
19505.2793,-20.0000, -0.0344,12.0000, -0.0019,0.3236, 0.0639, -0.1758
19526.2715,-20.0000, -0.0341,12.0000, -0.0019,0.1438, -0.2357, 0.0439
19545.2676,-20.0000, -0.0340,12.0000, -0.0015,0.1638, -0.3755, 0.0040
19566.2676,-20.0000, -0.0335,12.0000, -0.0014,0.3236, -0.3955, 0.0040
19585.2656,-20.0000, -0.0329,12.0000, -0.0019,0.3635, -0.2157, 0.1438
19606.2656,-20.0000, -0.0318,12.0000, -0.0024,0.2437, 0.0240, 0.1438
19626.2676,-20.0000, -0.0310,12.0000, -0.0029,0.1238, 0.0439, -0.2157
19647.2676,-20.0000, -0.0312,12.0000, -0.0027,0.1238, 0.0639, -0.0160
19666.2637,-20.0000, -0.0307,12.0000, -0.0023,0.1238, 0.0639, -0.2756
19687.2656,-20.0000, -0.0302,12.0000, -0.0021,0.2836, 0.0639, 0.0040
19706.2637,-20.0000, -0.0301,12.0000, -0.0018,0.4035, 0.0639, -0.0360
19727.2637,-20.0000, -0.0296,12.0000, -0.0015,0.1838, 0.0240, -0.1558
19746.2617,-20.0000, -0.0293,12.0000, -0.0013,0.1638, -0.1957, -0.0360
19767.2656,-20.0000, -0.0292,12.0000, -0.0011,0.2437, -0.5353, -0.0160
19786.2598,-20.0000, -0.0284,12.0000, -0.0013,0.3036, 0.0040, -0.0160
19806.2578,-20.0000, -0.0268,12.0000, -0.0018,0.1438, 0.0439, -0.0759
19826.2559,-20.0000, -0.0261,12.0000, -0.0019,0.3435, 0.0439, -0.0559
19847.2598,-20.0000, -0.0263,12.0000, -0.0015,0.2836, 0.0639, 0.0040
19866.2578,-20.0000, -0.0255,12.0000, -0.0011,0.1638, 0.0639, -0.1358
19886.2559,-20.0000, -0.0250,12.0000, -0.0010,0.2237, 0.0639, -0.0959
19907.2559,-20.0000, -0.0251,12.0000, -0.0007,0.2437, 0.0639, 0.0240
19926.2539,-20.0000, -0.0245,12.0000, -0.0005,0.2037, 0.0639, 0.0439
19947.2559,-20.0000, -0.0245,12.0000, -0.0005,0.1838, 0.0240, -0.1158
19967.2539,-20.0000, -0.0245,12.0000, -0.0005,0.3036, -0.1158, -0.0959
19987.2539,-20.0000, -0.0244,12.0000, -0.0006,0.4834, -0.2756, 0.1238
20008.2559,-20.0000, -0.0238,12.0000, -0.0008,0.2437, -0.0160, -0.0360
20027.2520,-20.0000, -0.0226,12.0000, -0.0014,0.0839, 0.0439, 0.0639
20047.2520,-20.0000, -0.0224,12.0000, -0.0014,0.2237, 0.0639, -0.1957
20067.2500,-20.0000, -0.0225,12.0000, -0.0012,0.2237, 0.0639, -0.0160
20087.2500,-20.0000, -0.0220,12.0000, -0.0011,0.1238, 0.0639, -0.1558
20107.2500,-20.0000, -0.0219,12.0000, -0.0009,0.1638, -0.2956, -0.1158
20127.2500,-20.0000, -0.0218,12.0000, -0.0007,0.4234, -0.0559, -0.0559
20147.2539,0.0000, -0.0209,0.0000, -0.0007,0.3435, -0.0360, 0.0240
20168.2480,0.0000, -0.0197,0.0000, -0.0008,0.2637, 0.0040, 0.0439
20187.2500,0.0000, -0.0198,0.0000, -0.0008,0.0040, -0.1558, 0.0639
20208.2500,0.0000, -0.0198,0.0000, -0.0010,0.3236, -0.0360, 0.0639
20227.2461,0.0000, -0.0190,0.0000, -0.0015,0.2437, -0.0559, 0.0439
20247.2441,0.0000, -0.0183,0.0000, -0.0019,0.0639, 0.0439, 0.0439
20267.2461,0.0000, -0.0182,0.0000, -0.0021,0.3236, 0.0439, -0.1758
20287.2461,0.0000, -0.0181,0.0000, -0.0023,0.1238, 0.0639, -0.1758
20307.2441,0.0000, -0.0179,0.0000, -0.0023,-0.0160, 0.0639, -0.3356
20329.2422,0.0000, -0.0179,0.0000, -0.0024,0.4035, 0.0639, -0.1358
20348.2480,0.0000, -0.0174,0.0000, -0.0018,0.2237, 0.0439, -0.2557
20368.2422,0.0000, -0.0166,0.0000, -0.0015,0.4035, -0.0559, -0.1957
20389.2402,0.0000, -0.0166,0.0000, -0.0016,0.0240, -0.0559, 0.0240
20408.2402,0.0000, -0.0165,0.0000, -0.0016,0.0839, -0.1158, 0.0439
20429.2617,0.0000, -0.0164,0.0000, -0.0021,0.1238, 0.2037, 0.0639
20448.2383,0.0000, -0.0167,0.0000, -0.0022,0.3236, 0.0439, -0.1158
20468.2363,0.0000, -0.0172,0.0000, -0.0022,0.1638, 0.0639, -0.0360
20489.2383,0.0000, -0.0184,0.0000, -0.0020,0.3236, 0.0639, 0.0040
20508.2383,0.0000, -0.0192,0.0000, -0.0020,0.2237, 0.0639, -0.0759
20528.2363,0.0000, -0.0199,0.0000, -0.0021,0.3236, 0.0639, -0.5553
20548.2344,0.0000, -0.0206,0.0000, -0.0022,0.2237, 0.0639, 0.0439
20568.2344,0.0000, -0.0203,0.0000, -0.0017,0.2437, -0.0360, -0.0160
20588.2344,0.0000, -0.0209,0.0000, -0.0015,0.1039, -0.3356, 0.0040
20608.2344,0.0000, -0.0223,0.0000, -0.0018,0.1438, -0.2557, -0.0360
20629.2344,0.0000, -0.0225,0.0000, -0.0022,0.3635, -0.1158, -0.1957
20648.2324,0.0000, -0.0227,0.0000, -0.0028,0.6831, 0.0439, -0.4354
20668.2344,0.0000, -0.0236,0.0000, -0.0027,0.5233, 0.0439, -0.0559
20690.2305,0.0000, -0.0244,0.0000, -0.0019,0.2037, 0.0439, 0.0040
20709.2324,0.0000, -0.0254,0.0000, -0.0017,0.2637, 0.0439, 0.0439
20730.2305,0.0000, -0.0272,0.0000, -0.0015,0.4834, -0.1358, 0.0439
20749.2305,0.0000, -0.0292,0.0000, -0.0015,0.4234, -0.2956, -0.3555
20769.2305,0.0000, -0.0308,0.0000, -0.0020,0.3435, -0.4554, -0.3156
20789.2305,0.0000, -0.0313,0.0000, -0.0024,0.6232, -0.2157, -0.0759
20809.2285,0.0000, -0.0314,0.0000, -0.0030,0.7230, 0.0040, -0.3156
20829.2266,0.0000, -0.0317,0.0000, -0.0036,0.4634, 0.0240, -0.4754
20849.2285,0.0000, -0.0326,0.0000, -0.0036,0.6831, -0.3356, -0.5353
20869.2285,0.0000, -0.0340,0.0000, -0.0030,0.6232, -0.3955, -0.3356
20889.2246,0.0000, -0.0352,0.0000, -0.0031,0.5033, -0.2956, 0.0040
20909.2266,0.0000, -0.0363,0.0000, -0.0033,0.5033, -0.0959, -0.4155
20929.2266,0.0000, -0.0375,0.0000, -0.0036,0.6432, -0.0959, -0.5153
20949.2246,0.0000, -0.0390,0.0000, -0.0038,0.6032, -0.0959, -0.1558
20969.2246,0.0000, -0.0403,0.0000, -0.0036,0.8029, -0.0759, -0.3955
20989.2207,0.0000, -0.0417,0.0000, -0.0042,0.6232, -0.3156, -0.4554
21009.2246,0.0000, -0.0432,0.0000, -0.0040,1.0027, -0.2756, -0.0759
21029.2227,0.0000, -0.0432,0.0000, -0.0036,0.7430, -0.0360, -0.6951
21049.2207,0.0000, -0.0437,0.0000, -0.0040,0.9028, -0.3555, -0.5153
21071.2227,0.0000, -0.0464,0.0000, -0.0033,0.5832, -0.3955, -0.3555
21090.2207,0.0000, -0.0490,0.0000, -0.0028,1.0027, -0.2956, -0.5153
21110.2207,0.0000, -0.0494,0.0000, -0.0036,1.2224, -0.6551, -0.3555
21130.2188,0.0000, -0.0481,0.0000, -0.0041,1.1425, -0.3356, -0.3156
21150.2188,0.0000, -0.0477,0.0000, -0.0053,0.9627, -0.2557, -0.5553
21170.2207,0.0000, -0.0505,0.0000, -0.0063,1.0626, -0.1957, -0.4354
21190.2168,0.0000, -0.0546,0.0000, -0.0057,1.1824, -0.2357, -0.7350
21210.2168,0.0000, -0.0565,0.0000, -0.0048,1.0426, -0.1558, -0.4953
21230.2422,0.0000, -0.0554,0.0000, -0.0042,1.2024, -0.3356, -0.5553
21252.2168,0.0000, -0.0555,0.0000, -0.0047,1.3622, -0.6751, -0.3955
21271.2168,0.0000, -0.0577,0.0000, -0.0050,1.0826, -0.1957, -0.5553
21291.2168,0.0000, -0.0600,0.0000, -0.0051,1.2024, -0.3156, -0.6352
21311.2129,0.0000, -0.0624,0.0000, -0.0048,1.3023, -0.6951, -1.1545
21331.2129,0.0000, -0.0644,0.0000, -0.0045,1.5420, -0.7350, -0.8748
21351.2129,0.0000, -0.0634,0.0000, -0.0048,1.6019, -0.5952, -1.0746
21371.2129,0.0000, -0.0616,0.0000, -0.0061,1.3023, -0.5553, -0.6152
21393.2109,0.0000, -0.0628,0.0000, -0.0073,1.1625, -0.6951, -0.2357
21412.2109,0.0000, -0.0663,0.0000, -0.0071,1.3822, -0.5153, -0.4554
21433.2188,0.0000, -0.0684,0.0000, -0.0067,1.5619, -0.4354, -0.7350
21453.2129,0.0000, -0.0681,0.0000, -0.0060,1.8815, -0.6751, -0.5153
21472.2090,0.0000, -0.0673,0.0000, -0.0060,1.7217, -0.6152, -0.4354
21493.2070,0.0000, -0.0675,0.0000, -0.0071,1.6219, -0.5153, -0.9747
21513.2070,0.0000, -0.0688,0.0000, -0.0079,1.2623, -0.5353, -0.9148
21533.2070,0.0000, -0.0701,0.0000, -0.0069,1.6219, -0.7950, -0.6751
21552.2070,0.0000, -0.0696,0.0000, -0.0054,1.9015, -0.7950, -0.3955
21572.2148,0.0000, -0.0679,0.0000, -0.0057,1.6818, -0.3955, -0.8549
21592.2070,0.0000, -0.0666,0.0000, -0.0071,1.6818, -0.5153, -0.8948
21612.2070,0.0000, -0.0657,0.0000, -0.0081,1.4022, -0.6951, -0.9947
21632.2051,0.0000, -0.0657,0.0000, -0.0079,1.7417, -0.6551, -0.7950
21652.2031,0.0000, -0.0653,0.0000, -0.0071,1.8216, -0.5553, -0.8948
21672.2051,0.0000, -0.0645,0.0000, -0.0065,1.6219, -0.6551, -0.5553
21692.2031,0.0000, -0.0637,0.0000, -0.0059,1.7217, -0.6152, -0.6551
21712.2012,0.0000, -0.0632,0.0000, -0.0060,2.0014, -0.6951, -0.9747
21732.2031,0.0000, -0.0626,0.0000, -0.0068,1.6618, -0.8149, -1.1944
21753.2012,0.0000, -0.0607,0.0000, -0.0063,1.6418, -0.8549, -1.1145
21773.2012,0.0000, -0.0578,0.0000, -0.0053,1.7217, -0.6751, -0.5952
21793.1992,0.0000, -0.0562,0.0000, -0.0045,1.6219, -0.3156, -0.9348
21813.1992,0.0000, -0.0576,0.0000, -0.0037,1.8815, -0.8149, -0.9947
21833.1992,0.0000, -0.0602,0.0000, -0.0022,1.4421, -0.7550, -0.7750
21853.1953,0.0000, -0.0612,0.0000, 0.0005,1.4820, -0.6352, -0.9348
21873.1973,0.0000, -0.0598,0.0000, 0.0013,1.7417, -0.3555, -0.8948
21893.1973,0.0000, -0.0576,0.0000, 0.0006,1.7617, -0.6352, -0.6551
21913.1973,0.0000, -0.0559,0.0000, 0.0003,1.7417, -0.8349, -0.9547
21933.1953,0.0000, -0.0542,0.0000, 0.0005,1.7817, -0.8948, -0.7151
21953.1953,0.0000, -0.0511,0.0000, 0.0008,1.6818, -0.6751, -1.0346
21973.1953,0.0000, -0.0485,0.0000, 0.0008,1.5819, -0.4754, -1.1345
21993.1953,0.0000, -0.0470,0.0000, 0.0013,1.4621, -0.9348, -0.6751
22013.1934,0.0000, -0.0452,0.0000, 0.0024,1.7217, -0.6152, -0.5952
22033.1934,0.0000, -0.0428,0.0000, 0.0020,1.3023, -0.6751, -0.4554
22053.1934,0.0000, -0.0398,0.0000, 0.0010,1.2224, -0.3156, -0.7151
22073.1934,0.0000, -0.0373,0.0000, 0.0006,1.5220, -0.4354, -0.5952
22093.1914,0.0000, -0.0349,0.0000, 0.0005,1.1625, -0.5153, -0.8149
22115.1934,0.0000, -0.0323,0.0000, 0.0011,1.3223, -0.4754, -0.2956
22134.1895,0.0000, -0.0304,0.0000, 0.0008,1.3822, -0.7550, -0.4754
22154.1895,0.0000, -0.0292,0.0000, -0.0000,1.4221, -0.7151, -0.5353
22174.1895,0.0000, -0.0271,0.0000, 0.0001,1.3023, -0.4354, -0.7750
22194.1895,0.0000, -0.0246,0.0000, 0.0011,1.1225, -0.6352, -0.5952
22214.1875,0.0000, -0.0219,0.0000, 0.0020,0.8828, -0.3755, -0.6352
22234.1855,0.0000, -0.0192,0.0000, 0.0016,1.1625, -0.3755, -0.4354
22254.1855,0.0000, -0.0175,0.0000, 0.0010,1.3023, -0.4354, -0.7550
22274.1855,0.0000, -0.0156,0.0000, 0.0004,1.3422, -0.4554, -0.5553
22294.1855,0.0000, -0.0129,0.0000, 0.0011,1.1425, -0.1758, -0.7750
22314.1855,0.0000, -0.0104,0.0000, 0.0025,0.7630, -0.4953, -0.4554
22334.1836,0.0000, -0.0077,0.0000, 0.0024,0.8629, -0.4953, -0.3955
22355.1992,0.0000, -0.0052,0.0000, 0.0015,0.8429, -0.3555, -0.1957
22374.1836,0.0000, -0.0032,0.0000, 0.0006,0.9827, -0.3356, -0.4155
22395.2070,0.0000, -0.0008,0.0000, -0.0002,0.6831, -0.1758, -0.2956
22415.1816,0.0000, 0.0016,0.0000, 0.0011,0.5633, -0.1758, -0.2756
22434.1816,0.0000, 0.0030,0.0000, 0.0030,1.0027, -0.3356, -0.4953
22456.1816,0.0000, 0.0049,0.0000, 0.0029,0.5033, -0.2756, -0.2157
22475.1797,0.0000, 0.0078,0.0000, 0.0022,0.5433, -0.2756, -0.4554
22495.1758,0.0000, 0.0103,0.0000, 0.0012,0.6631, -0.3755, -0.0959
22515.1777,0.0000, 0.0121,0.0000, 0.0014,0.7230, -0.0959, 0.1238
22536.1797,0.0000, 0.0131,0.0000, 0.0020,0.1838, 0.0040, -0.2756
22555.1797,0.0000, 0.0145,0.0000, 0.0017,0.3835, -0.0360, -0.2157
22576.1992,0.0000, 0.0155,0.0000, 0.0023,0.1638, -0.2357, -0.0160
22595.1738,0.0000, 0.0167,0.0000, 0.0020,0.5832, -0.0759, -0.3755
22615.1816,0.0000, 0.0183,0.0000, 0.0004,0.6831, -0.1758, -0.4155
22635.1777,0.0000, 0.0196,0.0000, 0.0010,0.2037, -0.0160, -0.0360
22655.1797,0.0000, 0.0214,0.0000, 0.0018,0.1638, -0.0360, -0.1957
22675.1797,0.0000, 0.0221,0.0000, 0.0017,0.2836, -0.1158, 0.0240
22695.1914,0.0000, 0.0224,0.0000, 0.0029,0.3835, 0.0639, 0.0439
22715.1738,0.0000, 0.0229,0.0000, 0.0025,0.6831, -0.0160, -0.1358
22735.1738,0.0000, 0.0241,0.0000, 0.0011,-0.0559, 0.0040, -0.0759
22756.1699,0.0000, 0.0260,0.0000, 0.0002,0.0839, -0.0160, -0.1758
22776.1719,0.0000, 0.0266,0.0000, -0.0001,0.1039, -0.1558, 0.0040
22796.1738,0.0000, 0.0265,0.0000, 0.0009,0.1838, 0.1838, 0.0040
22816.1777,0.0000, 0.0265,0.0000, 0.0012,0.2037, 0.0439, -0.0559
22836.1680,0.0000, 0.0267,0.0000, 0.0012,0.4035, 0.0639, 0.1838
22856.1680,0.0000, 0.0271,0.0000, 0.0015,0.0639, 0.0639, 0.0639
22876.1641,0.0000, 0.0283,0.0000, 0.0007,0.0639, 0.1039, -0.0559
22896.1641,0.0000, 0.0289,0.0000, 0.0002,0.0639, 0.1438, 0.2836
22916.1660,0.0000, 0.0286,0.0000, 0.0008,0.0439, 0.0639, -0.0959
22936.1621,0.0000, 0.0287,0.0000, 0.0005,0.0439, 0.0839, 0.0439
22956.1621,0.0000, 0.0287,0.0000, 0.0002,0.0639, 0.0639, 0.0240
22976.1621,0.0000, 0.0289,0.0000, -0.0002,0.0439, 0.0639, 0.0439
22996.1602,0.0000, 0.0289,0.0000, -0.0007,0.0439, 0.0439, 0.0240
23016.1621,0.0000, 0.0286,0.0000, -0.0003,-0.1158, 0.1638, -0.1957
23036.1621,0.0000, 0.0286,0.0000, 0.0002,0.0040, 0.0439, -0.2756
23056.1582,0.0000, 0.0287,0.0000, 0.0008,-0.1358, 0.0639, 0.0439
23076.1602,0.0000, 0.0284,0.0000, 0.0012,-0.4155, 0.2437, 0.0639
23096.1602,0.0000, 0.0279,0.0000, 0.0009,0.0839, 0.0839, 0.1039
23118.1621,0.0000, 0.0271,0.0000, 0.0010,0.2037, 0.1238, 0.3036
23137.1562,0.0000, 0.0266,0.0000, 0.0014,0.0439, 0.3435, 0.0439
23157.1582,0.0000, 0.0267,0.0000, 0.0011,0.0639, 0.2237, 0.1438
23177.1562,0.0000, 0.0266,0.0000, 0.0007,0.0639, 0.0639, -0.0759
23197.1562,0.0000, 0.0266,0.0000, 0.0005,0.0639, 0.0639, 0.0639
23217.1543,0.0000, 0.0269,0.0000, 0.0000,0.0639, -0.0959, 0.0639
23237.1543,0.0000, 0.0270,0.0000, -0.0000,0.0439, 0.0639, 0.0240
23257.1543,0.0000, 0.0269,0.0000, 0.0001,-0.1358, 0.0639, 0.0040
23277.1543,0.0000, 0.0267,0.0000, 0.0005,-0.2357, 0.2836, 0.0439
23297.1504,0.0000, 0.0267,0.0000, 0.0011,-0.4354, 0.3435, 0.0639
23317.1523,0.0000, 0.0263,0.0000, 0.0014,0.0839, 0.3036, 0.2237
23337.1504,0.0000, 0.0251,0.0000, 0.0018,0.0240, 0.1438, 0.1039
23357.1504,0.0000, 0.0246,0.0000, 0.0023,0.0639, 0.3435, 0.1438
23377.1504,0.0000, 0.0249,0.0000, 0.0017,0.0639, 0.0839, 0.2037
23397.1504,0.0000, 0.0249,0.0000, 0.0017,0.0639, 0.0639, 0.3036
23417.1504,0.0000, 0.0250,0.0000, 0.0016,0.2037, 0.0639, 0.1438
23437.1504,0.0000, 0.0250,0.0000, 0.0010,-0.1758, 0.0439, 0.1039
23457.1465,0.0000, 0.0251,0.0000, 0.0006,-0.0959, 0.0639, 0.0639
23477.1465,0.0000, 0.0250,0.0000, -0.0003,-0.2756, 0.0639, 0.0439
23498.1465,0.0000, 0.0244,0.0000, 0.0002,-0.0759, 0.2836, 0.0439
23518.1465,0.0000, 0.0235,0.0000, 0.0011,-0.0160, 0.3835, 0.0040
23538.1445,0.0000, 0.0228,0.0000, 0.0013,0.0439, 0.1638, 0.0439
23558.1465,0.0000, 0.0226,0.0000, 0.0016,0.1238, 0.1638, 0.0839
23578.1465,0.0000, 0.0227,0.0000, 0.0012,-0.1358, 0.1438, 0.1838
23598.1426,0.0000, 0.0226,0.0000, 0.0011,-0.2157, 0.1638, 0.1039
23618.1426,0.0000, 0.0222,0.0000, 0.0007,-0.2357, 0.1838, 0.1039
23638.1406,0.0000, 0.0216,0.0000, 0.0006,-0.0160, 0.3635, 0.1238
23658.1426,0.0000, 0.0208,0.0000, 0.0015,0.0040, 0.3635, 0.1238
23678.1426,0.0000, 0.0207,0.0000, 0.0013,-0.1358, 0.1438, 0.3435
23698.1406,0.0000, 0.0207,0.0000, 0.0010,-0.1758, 0.0639, 0.1638
23718.1406,0.0000, 0.0202,0.0000, 0.0009,-0.0559, 0.0639, 0.4035
23738.1406,0.0000, 0.0194,0.0000, 0.0009,-0.0759, 0.0839, 0.4234
23758.1367,0.0000, 0.0186,0.0000, 0.0006,-0.0160, -0.0360, 0.0839
23778.1367,0.0000, 0.0183,0.0000, 0.0001,0.0240, 0.3835, 0.0439
23798.1367,0.0000, 0.0182,0.0000, 0.0003,-0.0959, 0.3435, 0.1838
23818.1367,0.0000, 0.0184,0.0000, 0.0002,-0.1558, 0.1838, -0.0160
23838.1367,0.0000, 0.0183,0.0000, 0.0002,0.0639, 0.0639, 0.0439
23859.1367,0.0000, 0.0178,0.0000, 0.0008,-0.0160, 0.0639, 0.0639
23879.1367,0.0000, 0.0174,0.0000, 0.0010,-0.0759, 0.2237, 0.0639
23899.1387,0.0000, 0.0172,0.0000, 0.0012,-0.1758, 0.3435, 0.1039
23919.1348,0.0000, 0.0171,0.0000, 0.0013,-0.2756, 0.2437, 0.1238
23939.1348,0.0000, 0.0170,0.0000, 0.0009,-0.0759, 0.3435, 0.2637
23959.1348,0.0000, 0.0166,0.0000, 0.0008,0.0240, 0.0639, -0.0160
23979.1348,0.0000, 0.0157,0.0000, 0.0007,0.0439, 0.0439, 0.1838
23999.1406,0.0000, 0.0157,0.0000, 0.0005,0.0639, 0.0240, 0.1039
24019.1328,0.0000, 0.0156,0.0000, 0.0004,0.0639, 0.0439, 0.0639
24039.1328,0.0000, 0.0157,0.0000, 0.0003,0.0040, 0.0639, 0.0439
24059.1328,0.0000, 0.0159,0.0000, 0.0001,-0.0559, -0.0959, 0.0839
24079.1328,0.0000, 0.0157,0.0000, 0.0001,-0.4155, 0.1438, 0.0839
24099.1328,0.0000, 0.0155,0.0000, 0.0003,0.0439, 0.3835, 0.2237
24119.1309,0.0000, 0.0142,0.0000, 0.0010,0.0240, 0.3435, 0.2037
24139.1309,0.0000, 0.0134,0.0000, 0.0015,0.0639, 0.2037, 0.0839
24159.1289,0.0000, 0.0136,0.0000, 0.0005,0.0639, 0.3635, 0.0639
24179.1289,0.0000, 0.0135,0.0000, 0.0005,0.0639, 0.0240, 0.0639
24199.1289,0.0000, 0.0134,0.0000, 0.0006,0.0439, 0.0639, 0.0439
24220.1250,0.0000, 0.0135,0.0000, 0.0004,0.0439, 0.0639, 0.0240
24240.1250,0.0000, 0.0133,0.0000, 0.0008,0.0439, 0.0439, 0.0639
24260.1250,0.0000, 0.0134,0.0000, 0.0008,-0.3755, 0.1638, 0.0639
24280.1250,0.0000, 0.0135,0.0000, 0.0006,-0.3555, 0.0639, 0.0639
24300.1250,0.0000, 0.0128,0.0000, 0.0007,-0.1358, 0.0639, 0.2437
24320.1230,0.0000, 0.0118,0.0000, 0.0013,0.0040, 0.1039, 0.3236
24340.1250,0.0000, 0.0115,0.0000, 0.0014,0.0240, 0.3036, 0.1238
24360.1230,0.0000, 0.0111,0.0000, 0.0011,0.0439, -0.0160, 0.0240
24380.1211,0.0000, 0.0111,0.0000, 0.0010,0.0639, 0.2836, 0.1039
24400.1172,0.0000, 0.0113,0.0000, 0.0006,0.0639, 0.2237, 0.0240
24420.1211,0.0000, 0.0110,0.0000, 0.0003,0.0439, 0.1438, 0.1438
24440.1172,0.0000, 0.0110,0.0000, -0.0002,-0.1558, 0.2237, 0.0839
24460.1152,0.0000, 0.0109,0.0000, -0.0005,-0.1758, 0.0639, 0.0439
24480.1172,0.0000, 0.0108,0.0000, -0.0003,-0.2756, 0.2237, 0.0639
24500.1152,0.0000, 0.0103,0.0000, -0.0001,0.0839, 0.2437, 0.0439
24520.1172,0.0000, 0.0094,0.0000, 0.0005,0.0439, 0.1238, 0.0040
24540.1152,0.0000, 0.0092,0.0000, 0.0008,0.0639, 0.1438, 0.0439
24560.1133,0.0000, 0.0095,0.0000, 0.0008,0.0639, 0.1638, 0.0639
24581.1152,0.0000, 0.0094,0.0000, 0.0010,0.0639, 0.2237, 0.0639
24600.1133,0.0000, 0.0094,0.0000, 0.0011,0.0639, 0.0839, 0.1238
24621.1133,0.0000, 0.0093,0.0000, 0.0012,0.0639, 0.0639, 0.1039
24641.1133,0.0000, 0.0093,0.0000, 0.0011,-0.0160, 0.0639, 0.1238
24661.1152,0.0000, 0.0094,0.0000, 0.0008,0.0040, 0.0639, 0.0839
24681.1152,0.0000, 0.0092,0.0000, 0.0005,-0.2157, 0.0240, 0.3835
24701.1094,0.0000, 0.0088,0.0000, 0.0002,0.1638, 0.0040, 0.0839
24721.1113,0.0000, 0.0081,0.0000, 0.0001,0.0240, 0.0439, 0.0639
24741.1094,0.0000, 0.0079,0.0000, 0.0001,0.0040, 0.0639, 0.0639
24761.1133,0.0000, 0.0080,0.0000, 0.0000,-0.0559, 0.0639, 0.0439
24781.1094,0.0000, 0.0078,0.0000, 0.0000,-0.0160, 0.0639, 0.0439
24801.1074,0.0000, 0.0075,0.0000, 0.0002,0.0439, 0.1438, 0.0439
24821.1074,0.0000, 0.0073,0.0000, 0.0004,0.0639, 0.1638, -0.0360
24841.1074,0.0000, 0.0073,0.0000, 0.0005,0.0240, 0.2037, -0.1158
24861.1055,0.0000, 0.0069,0.0000, 0.0010,0.0439, 0.2437, 0.1838
24881.1074,0.0000, 0.0069,0.0000, 0.0018,0.0639, 0.2237, 0.0639
24901.1055,0.0000, 0.0071,0.0000, 0.0016,0.0639, 0.0639, 0.1039
24921.1035,0.0000, 0.0071,0.0000, 0.0014,0.0439, 0.0639, 0.1039
24943.1055,0.0000, 0.0071,0.0000, 0.0012,-0.1158, 0.0439, 0.5633
24962.1035,0.0000, 0.0070,0.0000, 0.0009,-0.2157, 0.0439, 0.1638
24982.1016,0.0000, 0.0067,0.0000, -0.0001,-0.2357, -0.0559, 0.3236
25002.1055,0.0000, 0.0062,0.0000, -0.0007,-0.0559, -0.0160, 0.0639
25022.1016,0.0000, 0.0053,0.0000, -0.0003,0.0439, 0.0439, 0.0639
25042.0996,0.0000, 0.0050,0.0000, -0.0003,0.0439, 0.0639, 0.0439
25062.1016,0.0000, 0.0051,0.0000, -0.0002,0.0639, 0.0639, 0.1438
25082.1016,0.0000, 0.0050,0.0000, -0.0001,0.0639, 0.2237, -0.3555
25102.0996,0.0000, 0.0051,0.0000, -0.0001,0.0639, 0.1039, -0.0959
25122.1016,0.0000, 0.0052,0.0000, 0.0001,0.0639, -0.0160, 0.0240
25142.0996,0.0000, 0.0053,0.0000, 0.0005,0.0639, 0.3635, 0.0439
25162.1016,0.0000, 0.0052,0.0000, 0.0004,0.0639, 0.2037, 0.1238
25182.0977,0.0000, 0.0053,0.0000, 0.0005,0.0439, 0.4234, 0.1438
25202.0977,0.0000, 0.0052,0.0000, 0.0006,0.0439, -0.0759, 0.1039
25222.0957,0.0000, 0.0053,0.0000, 0.0001,0.0639, 0.0439, 0.1838
25242.0957,0.0000, 0.0054,0.0000, -0.0003,-0.0759, -0.0559, 0.1238
25262.0938,0.0000, 0.0054,0.0000, -0.0007,-0.1558, 0.0040, 0.0639
25283.0918,0.0000, 0.0052,0.0000, -0.0009,0.1238, 0.0439, 0.0839
25303.0918,0.0000, 0.0043,0.0000, -0.0004,0.0439, 0.0639, 0.0639
25323.0898,0.0000, 0.0041,0.0000, -0.0002,0.0639, 0.0639, 0.0639
25343.0879,0.0000, 0.0042,0.0000, -0.0004,0.0639, 0.0639, 0.0240
25363.0918,0.0000, 0.0043,0.0000, -0.0003,0.0639, 0.2836, 0.0439
25383.0898,0.0000, 0.0045,0.0000, -0.0003,0.0639, 0.1838, -0.0360
25403.0918,0.0000, 0.0045,0.0000, -0.0001,0.0439, 0.1838, -0.0360
25423.0898,0.0000, 0.0045,0.0000, 0.0004,0.0439, -0.0559, 0.0240
25444.0938,0.0000, 0.0045,0.0000, 0.0008,0.0439, 0.0639, 0.0839
25463.0879,0.0000, 0.0045,0.0000, 0.0009,-0.2557, 0.0639, 0.1039
25483.0840,0.0000, 0.0043,0.0000, 0.0008,0.0639, 0.0639, 0.0839
25503.0859,0.0000, 0.0038,0.0000, 0.0006,0.0040, 0.2237, -0.0160
25523.0840,0.0000, 0.0034,0.0000, 0.0008,0.0240, 0.1039, 0.0639
25543.0840,0.0000, 0.0033,0.0000, 0.0004,0.0439, 0.0639, 0.0839
25563.0840,0.0000, 0.0032,0.0000, -0.0004,0.0639, 0.0639, 0.0639
25583.0840,0.0000, 0.0032,0.0000, -0.0005,0.0639, 0.0439, 0.0439
25603.0840,0.0000, 0.0032,0.0000, -0.0005,0.0639, 0.0439, -0.1558
25623.0840,0.0000, 0.0033,0.0000, -0.0006,-0.0959, 0.0639, -0.1758
25645.0820,0.0000, 0.0033,0.0000, -0.0003,0.0639, 0.3236, -0.2157
25664.0801,0.0000, 0.0034,0.0000, 0.0003,0.0639, 0.2237, 0.0240
25684.0801,0.0000, 0.0034,0.0000, 0.0010,0.0639, 0.2437, 0.0639
25704.0801,0.0000, 0.0034,0.0000, 0.0009,0.0639, -0.0959, 0.0639
25724.0781,0.0000, 0.0036,0.0000, 0.0008,0.0639, -0.0559, 0.1238
25744.0762,0.0000, 0.0036,0.0000, 0.0009,0.0639, -0.1558, 0.1039
25764.0801,0.0000, 0.0036,0.0000, 0.0008,0.0639, -0.0559, 0.1438
25784.0762,0.0000, 0.0036,0.0000, 0.0006,-0.1158, -0.0559, 0.1438
25804.0762,0.0000, 0.0036,0.0000, 0.0004,0.0439, 0.0439, 0.2437
25824.0781,0.0000, 0.0036,0.0000, -0.0000,0.0439, 0.0639, 0.0839
25844.0762,0.0000, 0.0036,0.0000, -0.0005,-0.0360, 0.0639, 0.0240
25864.0762,0.0000, 0.0036,0.0000, -0.0005,-0.1558, 0.0839, 0.1638
25884.0762,0.0000, 0.0035,0.0000, -0.0003,0.0639, 0.3036, -0.2157
25904.0742,0.0000, 0.0032,0.0000, 0.0001,0.0439, 0.1838, -0.0759
25924.0742,0.0000, 0.0028,0.0000, 0.0012,0.0439, 0.1638, -0.1558
25944.0742,0.0000, 0.0029,0.0000, 0.0015,0.0639, 0.1238, 0.0240
25964.0723,0.0000, 0.0030,0.0000, 0.0013,0.0639, 0.0839, 0.0639
25985.0703,0.0000, 0.0030,0.0000, 0.0016,0.0639, 0.0639, 0.0639
26005.0703,0.0000, 0.0030,0.0000, 0.0014,0.0639, 0.0639, 0.0839
26025.0703,0.0000, 0.0031,0.0000, 0.0014,0.0639, 0.0240, 0.3036
26045.0684,0.0000, 0.0030,0.0000, 0.0014,0.0639, -0.1558, 0.0040
26065.0703,0.0000, 0.0031,0.0000, 0.0010,0.0639, 0.0040, 0.1238
26085.0684,0.0000, 0.0031,0.0000, 0.0006,0.0639, 0.1838, 0.2237
26105.0684,0.0000, 0.0031,0.0000, 0.0005,0.0639, 0.0439, 0.3236
26125.0684,0.0000, 0.0030,0.0000, 0.0001,0.0439, 0.0639, 0.3236
26145.0664,0.0000, 0.0030,0.0000, -0.0001,-0.1758, 0.0639, -0.0360
26165.0684,0.0000, 0.0030,0.0000, -0.0002,-0.1558, 0.0639, 0.0639
26185.0684,0.0000, 0.0030,0.0000, -0.0004,-0.1158, 0.1438, 0.1838
26205.0645,0.0000, 0.0027,0.0000, -0.0002,0.0639, -0.0559, 0.0439
26225.0703,0.0000, 0.0023,0.0000, 0.0000,0.2037, 0.1638, 0.0040
26245.0625,0.0000, 0.0021,0.0000, 0.0003,0.0439, 0.0639, -0.0160
26265.0625,0.0000, 0.0020,0.0000, 0.0006,0.0639, 0.0639, -0.0160
26285.0625,0.0000, 0.0020,0.0000, 0.0008,0.0639, 0.0240, 0.0439
26305.0625,0.0000, 0.0020,0.0000, 0.0009,0.0639, 0.0439, 0.0439
26325.0625,0.0000, 0.0020,0.0000, 0.0010,0.0639, -0.0360, 0.0639
26345.0605,0.0000, 0.0020,0.0000, 0.0009,0.0639, 0.0040, 0.0639
26366.0605,0.0000, 0.0019,0.0000, 0.0009,0.0639, 0.0439, 0.0639
26386.0605,0.0000, 0.0019,0.0000, 0.0009,0.0639, 0.0639, 0.2637
26406.0586,0.0000, 0.0019,0.0000, 0.0009,0.0639, 0.0639, 0.1838
26426.0586,0.0000, 0.0019,0.0000, 0.0007,0.0639, 0.2237, 0.1238
26446.0566,0.0000, 0.0021,0.0000, 0.0003,0.0839, 0.3435, 0.0639
26466.0566,0.0000, 0.0022,0.0000, 0.0002,0.1039, -0.0160, 0.0439
26486.0547,0.0000, 0.0023,0.0000, 0.0002,0.0639, 0.0639, 0.0639
26506.0527,0.0000, 0.0024,0.0000, 0.0002,0.0639, 0.0439, 0.0439
26526.0547,0.0000, 0.0023,0.0000, 0.0002,0.0639, 0.1638, 0.0439
26546.0527,0.0000, 0.0022,0.0000, 0.0002,0.0639, -0.0160, 0.0040
26566.0547,0.0000, 0.0022,0.0000, 0.0002,0.0639, -0.0360, -0.1558
26586.0527,0.0000, 0.0022,0.0000, 0.0005,0.0639, 0.0439, 0.0439
26606.0586,0.0000, 0.0022,0.